Player_ID,Opponent,Date,Start?,min,FGM,FGA,pct,3FG,3FGA,pct,FTM,FTA,pct,combo_shots_made,combo_shots_attempt,combo_shots_percent,off,def,tot,avg,pf,AST,T/O,BLK,STl,PTS,avg
bc83f44d-fdf4-42a7-a23b-565de107bb9c,Loyola (Md.),11/10/17,Yes,35,4,12,0.33,1,4,0.25,3,5,0.6,8,21,0.38,1,6,7,7,4,1,0,3,0,12,12
bc83f44d-fdf4-42a7-a23b-565de107bb9c,Saint Peter's,11/13/17,Yes,35,4,8,0.5,1,4,0.25,1,1,1,6,13,0.46,2,5,7,7,1,1,2,1,2,10,11
bc83f44d-fdf4-42a7-a23b-565de107bb9c,Creighton,11/15/17,Yes,39,11,19,0.58,5,10,0.5,3,4,0.75,19,33,0.58,2,3,5,6,4,1,2,2,1,30,17
bc83f44d-fdf4-42a7-a23b-565de107bb9c,La Salle,11/18/17,Yes,33,4,11,0.36,0,3,0,0,0,0,4,14,0.29,4,4,8,7,2,5,1,2,0,8,15
bc83f44d-fdf4-42a7-a23b-565de107bb9c,Texas Tech,11/19/17,Yes,31,1,6,0.17,1,3,0.33,1,2,0.5,3,11,0.27,0,4,4,6,4,0,4,0,0,4,13
bc83f44d-fdf4-42a7-a23b-565de107bb9c,Sacred Heart,11/24/17,Yes,29,5,9,0.56,2,5,0.4,3,3,1,10,17,0.59,1,0,1,5,1,2,1,0,1,15,13
bc83f44d-fdf4-42a7-a23b-565de107bb9c,Georgia Tech,11/28/17,Yes,33,5,8,0.63,1,2,0.5,1,1,1,7,11,0.64,1,4,5,5,2,2,1,0,3,12,13
bc83f44d-fdf4-42a7-a23b-565de107bb9c,Illinois,12/1/17,Yes,35,6,11,0.55,2,7,0.29,2,2,1,10,20,0.5,1,6,7,6,5,1,1,0,1,16,13
bc83f44d-fdf4-42a7-a23b-565de107bb9c,Purdue,12/3/17,Yes,33,4,9,0.44,3,4,0.75,1,2,0.5,8,15,0.53,3,7,10,6,3,4,1,0,1,12,13
bc83f44d-fdf4-42a7-a23b-565de107bb9c,Chicago State,12/11/17,Yes,17,4,6,0.67,3,4,0.75,7,7,1,14,17,0.82,0,3,3,6,3,0,0,0,1,18,14
bc83f44d-fdf4-42a7-a23b-565de107bb9c,Valparaiso,12/14/17,Yes,25,5,9,0.56,5,7,0.71,3,3,1,13,19,0.68,0,4,4,6,3,3,0,0,1,18,14
bc83f44d-fdf4-42a7-a23b-565de107bb9c,DePaul,12/16/17,Yes,13,3,5,0.6,2,2,1,1,2,0.5,6,9,0.67,1,1,2,5,3,1,4,0,0,9,14
bc83f44d-fdf4-42a7-a23b-565de107bb9c,Brown,12/30/17,Yes,17,2,9,0.22,2,6,0.33,5,5,1,9,20,0.45,0,2,2,5,4,2,1,1,1,11,14
bc83f44d-fdf4-42a7-a23b-565de107bb9c,Nebraska,1/2/18,Yes,37,2,11,0.18,0,4,0,4,4,1,6,19,0.32,3,5,8,5,1,3,3,1,1,8,13
bc83f44d-fdf4-42a7-a23b-565de107bb9c,Penn State,1/5/18,Yes,30,3,7,0.43,1,3,0.33,1,1,1,5,11,0.45,1,5,6,5,4,5,1,0,3,8,13
bc83f44d-fdf4-42a7-a23b-565de107bb9c,Minnesota,1/10/18,Yes,27,3,7,0.43,2,5,0.4,0,0,0,5,12,0.42,0,7,7,5,3,1,2,0,0,8,12
bc83f44d-fdf4-42a7-a23b-565de107bb9c,Indiana,1/14/18,Yes,34,4,11,0.36,1,4,0.25,0,0,0,5,15,0.33,3,4,7,6,3,3,1,0,3,9,12
bc83f44d-fdf4-42a7-a23b-565de107bb9c,Ohio State,1/17/18,Yes,32,5,14,0.36,2,8,0.25,2,2,1,9,24,0.38,1,4,5,5,2,2,2,0,1,14,12
bc83f44d-fdf4-42a7-a23b-565de107bb9c,Penn State,1/20/18,Yes,35,5,12,0.42,3,7,0.43,5,7,0.71,13,26,0.5,0,5,5,5,2,2,1,0,1,18,13
bc83f44d-fdf4-42a7-a23b-565de107bb9c,Minnesota,1/23/18,Yes,35,6,11,0.55,1,3,0.33,5,6,0.83,12,20,0.6,1,12,13,6,2,5,3,2,1,18,13
bc83f44d-fdf4-42a7-a23b-565de107bb9c,Michigan,1/29/18,Yes,28,2,8,0.25,0,5,0,2,2,1,4,15,0.27,0,7,7,6,3,1,3,1,1,6,13
bc83f44d-fdf4-42a7-a23b-565de107bb9c,Wisconsin,2/1/18,Yes,36,4,7,0.57,1,1,1,0,0,0,5,8,0.63,0,8,8,6,3,2,1,1,1,9,12
bc83f44d-fdf4-42a7-a23b-565de107bb9c,Michigan,2/6/18,Yes,36,2,10,0.2,1,8,0.13,2,2,1,5,20,0.25,1,6,7,6,2,1,3,0,2,7,12
bc83f44d-fdf4-42a7-a23b-565de107bb9c,Maryland,2/10/18,Yes,36,3,9,0.33,2,4,0.5,0,0,0,5,13,0.38,2,3,5,6,0,3,1,0,2,8,12
bc83f44d-fdf4-42a7-a23b-565de107bb9c,Rutgers,2/13/18,Yes,42,2,7,0.29,1,3,0.33,2,4,0.5,5,14,0.36,1,4,5,6,3,1,2,0,0,7,12
bc83f44d-fdf4-42a7-a23b-565de107bb9c,Michigan State,2/17/18,Yes,40,7,17,0.41,5,11,0.46,2,2,1,14,30,0.47,0,3,3,6,2,5,3,1,1,21,12
bc83f44d-fdf4-42a7-a23b-565de107bb9c,Maryland,2/19/18,Yes,30,3,8,0.38,3,6,0.5,0,1,0,6,15,0.4,1,4,5,6,4,3,1,0,0,9,12
bc83f44d-fdf4-42a7-a23b-565de107bb9c,Total,NULL,NULL,853,109,261,0.42,51,133,0.38,56,68,0.82,216,462,0.47,30,126,156,6,73,60,45,15,29,325,12
2af37014-378f-4f0b-a1f4-111cd6c2d419,Loyola (Md.),11/10/17,Yes,29,6,9,0.67,0,0,0,4,10,0.4,10,19,0.53,5,2,7,7,4,0,3,3,0,16,16
2af37014-378f-4f0b-a1f4-111cd6c2d419,Saint Peter's,11/13/17,Yes,36,4,9,0.44,0,0,0,7,8,0.88,11,17,0.65,1,3,4,6,3,3,5,0,0,15,16
2af37014-378f-4f0b-a1f4-111cd6c2d419,Creighton,11/15/17,Yes,25,3,7,0.43,0,1,0,0,1,0,3,9,0.33,1,4,5,5,4,0,3,3,0,6,12
2af37014-378f-4f0b-a1f4-111cd6c2d419,La Salle,11/18/17,Yes,24,6,9,0.67,0,0,0,2,2,1,8,11,0.73,2,5,7,6,4,0,4,2,0,14,13
2af37014-378f-4f0b-a1f4-111cd6c2d419,Texas Tech,11/19/17,Yes,23,1,1,1,0,0,0,4,5,0.8,5,6,0.83,2,0,2,5,4,0,1,0,1,6,11
2af37014-378f-4f0b-a1f4-111cd6c2d419,Sacred Heart,11/24/17,Yes,22,5,7,0.71,0,0,0,1,3,0.33,6,10,0.6,4,2,6,5,3,0,0,0,1,11,11
2af37014-378f-4f0b-a1f4-111cd6c2d419,Georgia Tech,11/28/17,Yes,31,4,6,0.67,0,0,0,2,3,0.67,6,9,0.67,4,8,12,6,3,1,1,0,0,10,11
2af37014-378f-4f0b-a1f4-111cd6c2d419,Illinois,12/1/17,Yes,43,3,6,0.5,0,0,0,0,0,0,3,6,0.5,2,2,4,6,3,2,0,4,2,6,11
2af37014-378f-4f0b-a1f4-111cd6c2d419,Purdue,12/3/17,Yes,30,9,12,0.75,0,0,0,2,3,0.67,11,15,0.73,1,7,8,6,5,4,0,1,1,20,12
2af37014-378f-4f0b-a1f4-111cd6c2d419,Chicago State,12/11/17,Yes,18,4,5,0.8,0,0,0,5,8,0.63,9,13,0.69,4,4,8,6,2,0,0,1,2,13,12
2af37014-378f-4f0b-a1f4-111cd6c2d419,Valparaiso,12/14/17,Yes,20,2,7,0.29,0,0,0,5,6,0.83,7,13,0.54,2,4,6,6,3,3,1,0,0,9,12
2af37014-378f-4f0b-a1f4-111cd6c2d419,DePaul,12/16/17,Yes,37,4,6,0.67,0,0,0,0,0,0,4,6,0.67,3,3,6,6,2,0,4,2,0,8,11
2af37014-378f-4f0b-a1f4-111cd6c2d419,Lewis,12/19/17,Yes,21,5,7,0.71,0,0,0,2,3,0.67,7,10,0.7,0,3,3,6,2,0,1,2,1,12,11
2af37014-378f-4f0b-a1f4-111cd6c2d419,Oklahoma,12/22/17,Yes,26,8,11,0.73,0,0,0,1,4,0.25,9,15,0.6,5,4,9,6,3,1,3,0,0,17,12
2af37014-378f-4f0b-a1f4-111cd6c2d419,Brown,12/30/17,Yes,34,6,7,0.86,0,0,0,6,8,0.75,12,15,0.8,4,4,8,6,2,3,0,4,1,18,12
2af37014-378f-4f0b-a1f4-111cd6c2d419,Nebraska,1/2/18,Yes,36,6,18,0.33,0,0,0,5,8,0.63,11,26,0.42,11,4,15,7,0,3,2,3,0,17,12
2af37014-378f-4f0b-a1f4-111cd6c2d419,Penn State,1/5/18,Yes,32,3,6,0.5,0,0,0,0,0,0,3,6,0.5,2,2,4,7,5,1,1,1,1,6,12
2af37014-378f-4f0b-a1f4-111cd6c2d419,Minnesota,1/10/18,Yes,31,5,7,0.71,0,0,0,3,7,0.43,8,14,0.57,3,9,12,7,4,0,1,6,1,13,12
2af37014-378f-4f0b-a1f4-111cd6c2d419,Indiana,1/14/18,Yes,33,2,2,1,0,0,0,4,4,1,6,6,1,4,4,8,7,4,0,2,3,0,8,12
2af37014-378f-4f0b-a1f4-111cd6c2d419,Ohio State,1/17/18,Yes,37,3,4,0.75,0,0,0,1,2,0.5,4,6,0.67,2,8,10,7,2,4,0,4,0,7,12
2af37014-378f-4f0b-a1f4-111cd6c2d419,Penn State,1/20/18,Yes,33,6,9,0.67,0,0,0,0,1,0,6,10,0.6,3,1,4,7,3,3,0,1,0,12,12
2af37014-378f-4f0b-a1f4-111cd6c2d419,Minnesota,1/23/18,Yes,29,5,7,0.71,0,0,0,0,1,0,5,8,0.63,5,3,8,7,3,2,1,3,0,10,12
2af37014-378f-4f0b-a1f4-111cd6c2d419,Michigan,1/29/18,Yes,35,4,7,0.57,0,0,0,1,3,0.33,5,10,0.5,4,3,7,7,2,0,4,0,0,9,11
2af37014-378f-4f0b-a1f4-111cd6c2d419,Wisconsin,2/1/18,Yes,38,8,8,1,0,0,0,1,2,0.5,9,10,0.9,2,2,4,7,1,1,0,3,0,17,12
2af37014-378f-4f0b-a1f4-111cd6c2d419,Michigan,2/6/18,Yes,28,2,5,0.4,0,0,0,1,2,0.5,3,7,0.43,1,0,1,7,4,1,0,2,0,5,11
2af37014-378f-4f0b-a1f4-111cd6c2d419,Maryland,2/10/18,Yes,34,4,9,0.44,0,0,0,4,7,0.57,8,16,0.5,5,3,8,7,3,0,4,0,2,12,11
2af37014-378f-4f0b-a1f4-111cd6c2d419,Rutgers,2/13/18,Yes,41,6,7,0.86,0,0,0,0,0,0,6,7,0.86,6,7,13,7,1,0,1,4,0,12,11
2af37014-378f-4f0b-a1f4-111cd6c2d419,Michigan State,2/17/18,Yes,24,3,4,0.75,0,0,0,2,3,0.67,5,7,0.71,4,2,6,7,4,1,1,0,2,8,11
2af37014-378f-4f0b-a1f4-111cd6c2d419,Maryland,2/19/18,Yes,36,5,6,0.83,0,0,0,4,7,0.57,9,13,0.69,3,3,6,7,3,0,0,3,1,14,11
2af37014-378f-4f0b-a1f4-111cd6c2d419,Wisconsin,2/22/18,Yes,36,2,4,0.5,0,0,0,6,7,0.86,8,11,0.73,4,5,9,7,2,0,0,0,1,10,11
2af37014-378f-4f0b-a1f4-111cd6c2d419,Iowa,2/25/18,Yes,34,3,8,0.38,0,0,0,0,1,0,3,9,0.33,4,5,9,7,3,4,1,1,0,6,11
2af37014-378f-4f0b-a1f4-111cd6c2d419,Penn State,3/1/18,Yes,37,6,11,0.55,0,0,0,2,3,0.67,8,14,0.57,3,5,8,7,2,1,1,0,1,14,11
2af37014-378f-4f0b-a1f4-111cd6c2d419,Total,NULL,NULL,993,143,231,0.62,0,1,0,75,122,0.62,218,354,0.62,106,121,227,7,93,38,45,56,18,361,11
1e70319e-9b7d-4a9e-b8e5-512290a6b251,Sacred Heart,11/24/17,NULL,1,0,0,0,0,0,0,0,0,0,0,0,NULL,0,0,0,0,0,0,0,0,0,0,0
1e70319e-9b7d-4a9e-b8e5-512290a6b251,Chicago State,12/11/17,NULL,3,0,1,0,0,1,0,0,0,0,0,2,0,0,0,0,0,0,0,0,1,0,0,0
1e70319e-9b7d-4a9e-b8e5-512290a6b251,Valparaiso,12/14/17,NULL,4,0,0,0,0,0,0,0,0,0,0,0,NULL,0,0,0,0,0,0,0,1,0,0,0
1e70319e-9b7d-4a9e-b8e5-512290a6b251,Lewis,12/19/17,NULL,4,0,1,0,0,1,0,1,3,0.33,1,5,0.2,0,1,1,0,0,0,0,0,0,1,0
1e70319e-9b7d-4a9e-b8e5-512290a6b251,Total,NULL,NULL,12,0,2,0,0,2,0,1,3,0.33,1,7,0.14,0,1,1,0,0,0,0,2,0,1,0
f7964398-11c7-4287-9578-2698d6240e00,Loyola (Md.),11/10/17,NULL,12,0,2,0,0,0,0,2,2,1,2,4,0.5,0,1,1,1,4,1,3,0,0,2,2
f7964398-11c7-4287-9578-2698d6240e00,Saint Peter's,11/13/17,NULL,15,2,4,0.5,1,1,1,0,0,0,3,5,0.6,0,1,1,1,2,0,3,0,0,5,4
f7964398-11c7-4287-9578-2698d6240e00,Creighton,11/15/17,NULL,22,0,3,0,0,1,0,1,2,0.5,1,6,0.17,1,3,4,2,1,4,0,0,0,1,3
f7964398-11c7-4287-9578-2698d6240e00,La Salle,11/18/17,NULL,12,0,0,0,0,0,0,0,0,0,0,0,NULL,0,0,0,2,1,0,0,0,0,0,2
f7964398-11c7-4287-9578-2698d6240e00,Texas Tech,11/19/17,NULL,13,0,3,0,0,1,0,2,2,1,2,6,0.33,0,1,1,1,0,1,1,0,0,2,2
f7964398-11c7-4287-9578-2698d6240e00,Sacred Heart,11/24/17,NULL,12,1,2,0.5,0,1,0,4,4,1,5,7,0.71,1,0,1,1,0,0,0,0,1,6,3
f7964398-11c7-4287-9578-2698d6240e00,Georgia Tech,11/28/17,NULL,4,0,2,0,0,0,0,0,0,0,0,2,0,0,0,0,1,0,0,0,0,1,0,2
f7964398-11c7-4287-9578-2698d6240e00,Illinois,12/1/17,NULL,6,0,0,0,0,0,0,0,0,0,0,0,NULL,1,1,2,1,2,0,0,0,0,0,2
f7964398-11c7-4287-9578-2698d6240e00,Purdue,12/3/17,NULL,4,0,0,0,0,0,0,0,0,0,0,0,NULL,0,1,1,1,0,0,0,0,0,0,2
f7964398-11c7-4287-9578-2698d6240e00,Chicago State,12/11/17,NULL,25,4,5,0.8,0,0,0,3,5,0.6,7,10,0.7,1,4,5,2,1,0,0,0,2,11,3
f7964398-11c7-4287-9578-2698d6240e00,Valparaiso,12/14/17,NULL,22,2,4,0.5,0,0,0,2,2,1,4,6,0.67,0,2,2,2,2,2,1,1,2,6,3
f7964398-11c7-4287-9578-2698d6240e00,DePaul,12/16/17,NULL,24,0,2,0,0,1,0,2,2,1,2,5,0.4,1,6,7,2,5,0,2,0,0,2,3
f7964398-11c7-4287-9578-2698d6240e00,Lewis,12/19/17,NULL,24,2,7,0.29,0,3,0,4,6,0.67,6,16,0.38,4,2,6,2,1,2,1,0,0,8,3
f7964398-11c7-4287-9578-2698d6240e00,Oklahoma,12/22/17,NULL,18,2,4,0.5,0,1,0,0,0,0,2,5,0.4,1,4,5,3,1,1,1,0,0,4,3
f7964398-11c7-4287-9578-2698d6240e00,Brown,12/30/17,NULL,22,5,11,0.46,0,2,0,1,1,1,6,14,0.43,3,2,5,3,1,2,1,0,2,11,4
f7964398-11c7-4287-9578-2698d6240e00,Nebraska,1/2/18,NULL,13,0,1,0,0,1,0,0,0,0,0,2,0,0,1,1,3,1,0,0,1,0,0,4
f7964398-11c7-4287-9578-2698d6240e00,Penn State,1/5/18,NULL,13,2,4,0.5,0,1,0,1,1,1,3,6,0.5,0,0,0,3,1,0,0,0,0,5,4
f7964398-11c7-4287-9578-2698d6240e00,Minnesota,1/10/18,NULL,17,0,2,0,0,0,0,3,4,0.75,3,6,0.5,3,3,6,3,2,2,2,0,2,3,4
f7964398-11c7-4287-9578-2698d6240e00,Indiana,1/14/18,NULL,14,0,3,0,0,0,0,0,0,0,0,3,0,0,0,0,3,3,0,0,0,0,0,4
f7964398-11c7-4287-9578-2698d6240e00,Ohio State,1/17/18,NULL,20,3,5,0.6,2,4,0.5,2,4,0.5,7,13,0.54,0,0,0,2,1,1,0,0,3,10,4
f7964398-11c7-4287-9578-2698d6240e00,Penn State,1/20/18,NULL,26,2,4,0.5,0,0,0,2,2,1,4,6,0.67,2,1,3,2,4,2,1,1,1,6,4
f7964398-11c7-4287-9578-2698d6240e00,Minnesota,1/23/18,NULL,15,0,2,0,0,0,0,0,0,0,0,2,0,0,2,2,2,2,1,2,0,0,0,4
f7964398-11c7-4287-9578-2698d6240e00,Michigan,1/29/18,NULL,10,0,0,0,0,0,0,0,0,0,0,0,NULL,0,2,2,2,0,0,1,0,0,0,4
f7964398-11c7-4287-9578-2698d6240e00,Wisconsin,2/1/18,NULL,8,0,1,0,0,1,0,0,0,0,0,2,0,0,3,3,2,1,0,1,0,0,0,3
f7964398-11c7-4287-9578-2698d6240e00,Michigan,2/6/18,NULL,4,0,2,0,0,2,0,0,0,0,0,4,0,0,1,1,2,0,0,0,0,0,0,3
f7964398-11c7-4287-9578-2698d6240e00,Maryland,2/10/18,NULL,17,0,1,0,0,1,0,4,4,1,4,6,0.67,1,3,4,2,2,0,3,0,0,4,3
f7964398-11c7-4287-9578-2698d6240e00,Rutgers,2/13/18,NULL,30,2,3,0.67,1,1,1,1,2,0.5,4,6,0.67,0,2,2,2,3,1,0,1,1,6,3
f7964398-11c7-4287-9578-2698d6240e00,Michigan State,2/17/18,Yes,37,4,9,0.44,0,0,0,2,2,1,6,11,0.55,3,2,5,3,3,4,0,0,0,10,4
f7964398-11c7-4287-9578-2698d6240e00,Maryland,2/19/18,Yes,38,2,5,0.4,1,3,0.33,1,2,0.5,4,10,0.4,1,3,4,3,2,5,0,0,2,6,4
f7964398-11c7-4287-9578-2698d6240e00,Wisconsin,2/22/18,Yes,31,3,3,1,0,0,0,0,0,0,3,3,1,1,3,4,3,3,1,1,0,0,6,4
f7964398-11c7-4287-9578-2698d6240e00,Iowa,2/25/18,Yes,40,4,11,0.36,1,4,0.25,0,0,0,5,15,0.33,0,2,2,3,1,6,3,0,0,9,4
f7964398-11c7-4287-9578-2698d6240e00,Penn State,3/1/18,Yes,28,2,7,0.29,2,4,0.5,0,0,0,4,11,0.36,0,1,1,3,2,1,2,0,0,6,4
f7964398-11c7-4287-9578-2698d6240e00,Total,NULL,NULL,596,42,112,0.38,8,1,0.24,37,47,0.79,87,160,0.54,24,57,81,3,52,37,29,4,17,129,4
0c25034b-847c-44f5-b0cd-6a419ddd47ce,Loyola (Md.),11/10/17,NULL,14,1,2,0.5,0,0,0,2,2,1,3,4,0.75,0,1,1,1,1,1,1,0,0,4,4
0c25034b-847c-44f5-b0cd-6a419ddd47ce,Saint Peter's,11/13/17,NULL,4,0,1,0,0,1,0,0,0,0,0,2,0,0,1,1,1,1,0,1,0,0,0,2
0c25034b-847c-44f5-b0cd-6a419ddd47ce,Creighton,11/15/17,NULL,5,0,1,0,0,1,0,0,0,0,0,2,0,0,0,0,1,2,0,0,0,0,0,1
0c25034b-847c-44f5-b0cd-6a419ddd47ce,La Salle,11/18/17,NULL,3,0,2,0,0,0,0,0,0,0,0,2,0,0,0,0,1,0,0,2,0,0,0,1
0c25034b-847c-44f5-b0cd-6a419ddd47ce,Texas Tech,11/19/17,NULL,5,1,2,0.5,1,2,0.5,0,0,0,2,4,0.5,0,0,0,0,0,0,1,0,0,3,1
0c25034b-847c-44f5-b0cd-6a419ddd47ce,Sacred Heart,11/24/17,NULL,7,0,1,0,0,1,0,4,4,1,4,6,0.67,0,0,0,0,0,1,1,0,2,4,2
0c25034b-847c-44f5-b0cd-6a419ddd47ce,Georgia Tech,11/28/17,NULL,3,0,1,0,0,1,0,0,0,0,0,2,0,0,0,0,0,0,0,0,0,0,0,2
0c25034b-847c-44f5-b0cd-6a419ddd47ce,Illinois,12/1/17,NULL,7,1,2,0.5,0,0,0,3,4,0.75,4,6,0.67,0,2,2,1,1,0,0,0,1,5,2
0c25034b-847c-44f5-b0cd-6a419ddd47ce,Purdue,12/3/17,NULL,17,4,8,0.5,1,2,0.5,0,0,0,5,10,0.5,0,1,1,1,3,2,0,0,0,9,3
0c25034b-847c-44f5-b0cd-6a419ddd47ce,Chicago State,12/11/17,NULL,17,1,4,0.25,0,1,0,5,6,0.83,6,11,0.55,0,1,1,1,5,3,2,0,0,7,3
0c25034b-847c-44f5-b0cd-6a419ddd47ce,Valparaiso,12/14/17,NULL,11,1,1,1,0,0,0,2,2,1,3,3,1,0,0,0,1,2,0,0,0,0,4,3
0c25034b-847c-44f5-b0cd-6a419ddd47ce,DePaul,12/16/17,NULL,11,3,4,0.75,1,1,1,0,0,0,4,5,0.8,1,1,2,1,0,1,0,0,0,7,4
0c25034b-847c-44f5-b0cd-6a419ddd47ce,Lewis,12/19/17,NULL,24,2,6,0.33,0,2,0,2,2,1,4,10,0.4,1,3,4,1,4,6,2,0,1,6,4
0c25034b-847c-44f5-b0cd-6a419ddd47ce,Oklahoma,12/22/17,NULL,18,3,3,1,0,0,0,4,5,0.8,7,8,0.88,0,0,0,1,3,2,4,0,1,10,4
0c25034b-847c-44f5-b0cd-6a419ddd47ce,Brown,12/30/17,NULL,17,2,5,0.4,0,0,0,0,0,0,2,5,0.4,0,4,4,1,0,3,1,0,0,4,4
0c25034b-847c-44f5-b0cd-6a419ddd47ce,Nebraska,1/2/18,NULL,12,1,3,0.33,0,0,0,0,0,0,1,3,0.33,0,0,0,1,1,2,1,0,0,2,4
0c25034b-847c-44f5-b0cd-6a419ddd47ce,Penn State,1/5/18,NULL,8,1,3,0.33,0,1,0,0,0,0,1,4,0.25,2,0,2,1,1,0,0,0,0,2,4
0c25034b-847c-44f5-b0cd-6a419ddd47ce,Indiana,1/14/18,NULL,4,3,3,1,2,2,1,1,1,1,6,6,1,0,0,0,1,1,0,1,0,1,9,4
0c25034b-847c-44f5-b0cd-6a419ddd47ce,Maryland,2/10/18,NULL,3,0,2,0,0,1,0,0,0,0,0,3,0,0,0,0,1,1,0,0,0,0,0,4
0c25034b-847c-44f5-b0cd-6a419ddd47ce,Rutgers,2/13/18,NULL,9,0,1,0,0,0,0,0,0,0,0,1,0,0,0,0,1,1,0,2,0,1,0,4
0c25034b-847c-44f5-b0cd-6a419ddd47ce,Michigan State,2/17/18,NULL,12,2,5,0.4,0,0,0,0,0,0,2,5,0.4,1,1,2,1,2,0,1,0,0,4,4
0c25034b-847c-44f5-b0cd-6a419ddd47ce,Maryland,2/19/18,NULL,16,3,6,0.5,1,4,0.25,4,4,1,8,14,0.57,0,1,1,1,3,3,1,0,1,11,4
0c25034b-847c-44f5-b0cd-6a419ddd47ce,Wisconsin,2/22/18,NULL,8,0,1,0,0,0,0,0,0,0,0,1,0,0,1,1,1,1,2,0,0,1,0,4
0c25034b-847c-44f5-b0cd-6a419ddd47ce,Iowa,2/25/18,NULL,33,3,14,0.21,1,6,0.17,0,0,0,4,20,0.2,0,0,0,1,4,3,2,0,0,7,4
0c25034b-847c-44f5-b0cd-6a419ddd47ce,Penn State,3/1/18,NULL,2,0,0,0,0,0,0,0,1,0,0,1,0,0,0,0,1,1,1,2,0,0,0,4
0c25034b-847c-44f5-b0cd-6a419ddd47ce,Total,NULL,NULL,270,32,81,0.4,7,26,0.27,27,32,0.87,66,139,0.47,5,17,22,1,38,30,25,0,9,98,4
8cb2f892-96bd-41d8-975b-1bec26b45893,La Salle,11/18/17,NULL,1,0,0,0,0,0,0,0,0,0,0,0,NULL,0,0,0,0,1,0,0,0,0,0,0
8cb2f892-96bd-41d8-975b-1bec26b45893,Texas Tech,11/19/17,NULL,6,0,2,0,0,0,0,0,0,0,0,2,0,0,3,3,2,1,0,0,0,0,0,0
8cb2f892-96bd-41d8-975b-1bec26b45893,Sacred Heart,11/24/17,NULL,4,0,0,0,0,0,0,0,0,0,0,0,NULL,0,0,0,1,3,0,0,0,0,0,0
8cb2f892-96bd-41d8-975b-1bec26b45893,Total,NULL,NULL,11,0,2,0,0,0,0,0,0,NULL,0,2,0,0,3,3,1,5,0,0,0,0,0,0
dcc452c9-253d-4427-8f11-6fc89cfcd197,Loyola (Md.),11/10/17,Yes,35,9,20,0.45,4,11,0.36,4,8,0.5,17,39,0.44,1,8,9,9,2,0,0,1,1,26,26
dcc452c9-253d-4427-8f11-6fc89cfcd197,Saint Peter's,11/13/17,Yes,29,3,5,0.6,2,4,0.5,4,4,1,9,13,0.69,0,3,3,6,4,6,0,0,0,12,19
dcc452c9-253d-4427-8f11-6fc89cfcd197,Creighton,11/15/17,Yes,22,3,8,0.38,2,7,0.29,2,2,1,7,17,0.41,0,3,3,5,4,1,0,0,1,10,16
dcc452c9-253d-4427-8f11-6fc89cfcd197,La Salle,11/18/17,Yes,34,8,12,0.67,4,7,0.57,0,0,0,12,19,0.63,1,5,6,5,1,0,2,0,1,20,17
dcc452c9-253d-4427-8f11-6fc89cfcd197,Texas Tech,11/19/17,Yes,33,5,14,0.36,3,8,0.38,7,8,0.88,15,30,0.5,1,1,2,5,3,1,1,0,1,20,18
dcc452c9-253d-4427-8f11-6fc89cfcd197,Sacred Heart,11/24/17,Yes,32,7,15,0.47,3,8,0.38,2,2,1,12,25,0.48,0,6,6,5,0,4,1,0,0,19,18
dcc452c9-253d-4427-8f11-6fc89cfcd197,Georgia Tech,11/28/17,Yes,23,0,8,0,0,5,0,0,0,0,0,13,0,0,0,0,4,3,1,2,1,0,0,15
dcc452c9-253d-4427-8f11-6fc89cfcd197,Illinois,12/1/17,NULL,39,6,17,0.35,3,7,0.43,7,8,0.88,16,32,0.5,1,2,3,4,3,1,3,0,2,22,16
dcc452c9-253d-4427-8f11-6fc89cfcd197,Purdue,12/3/17,Yes,29,8,17,0.47,1,6,0.17,0,0,0,9,23,0.39,2,2,4,4,3,0,2,2,0,17,16
dcc452c9-253d-4427-8f11-6fc89cfcd197,Chicago State,12/11/17,Yes,23,4,8,0.5,3,7,0.43,1,2,0.5,8,17,0.47,2,1,3,4,1,3,0,2,0,12,16
dcc452c9-253d-4427-8f11-6fc89cfcd197,Valparaiso,12/14/17,Yes,29,5,10,0.5,2,5,0.4,1,2,0.5,8,17,0.47,0,1,1,4,0,3,0,0,1,13,16
dcc452c9-253d-4427-8f11-6fc89cfcd197,DePaul,12/16/17,Yes,31,9,19,0.47,7,13,0.54,0,0,0,16,32,0.5,1,7,8,4,4,1,1,1,1,25,16
dcc452c9-253d-4427-8f11-6fc89cfcd197,Lewis,12/19/17,Yes,19,3,7,0.43,1,4,0.25,2,2,1,6,13,0.46,1,2,3,4,3,1,1,0,1,9,16
dcc452c9-253d-4427-8f11-6fc89cfcd197,Oklahoma,12/22/17,Yes,26,1,12,0.08,0,8,0,0,1,0,1,21,0.05,0,3,3,4,4,3,2,0,0,2,15
dcc452c9-253d-4427-8f11-6fc89cfcd197,Brown,12/30/17,Yes,26,4,9,0.44,0,2,0,6,7,0.86,10,18,0.56,0,4,4,4,3,3,0,0,1,14,15
dcc452c9-253d-4427-8f11-6fc89cfcd197,Nebraska,1/2/18,Yes,35,4,14,0.29,2,6,0.33,2,2,1,8,22,0.36,0,2,2,4,3,4,3,1,0,12,15
dcc452c9-253d-4427-8f11-6fc89cfcd197,Penn State,1/5/18,Yes,34,3,17,0.18,3,11,0.27,0,0,0,6,28,0.21,0,4,4,4,1,1,4,1,1,9,14
dcc452c9-253d-4427-8f11-6fc89cfcd197,Minnesota,1/10/18,Yes,28,8,14,0.57,3,7,0.43,3,3,1,14,24,0.58,0,0,0,4,3,0,1,2,0,22,15
dcc452c9-253d-4427-8f11-6fc89cfcd197,Indiana,1/14/18,Yes,34,1,15,0.07,0,7,0,0,0,0,1,22,0.05,1,3,4,4,1,1,4,1,1,2,14
dcc452c9-253d-4427-8f11-6fc89cfcd197,Ohio State,1/17/18,Yes,38,6,13,0.46,1,5,0.2,0,0,0,7,18,0.39,0,3,3,4,3,3,2,1,0,13,14
dcc452c9-253d-4427-8f11-6fc89cfcd197,Penn State,1/20/18,Yes,30,6,16,0.38,1,6,0.17,0,0,0,7,22,0.32,3,2,5,4,4,2,1,0,1,13,14
dcc452c9-253d-4427-8f11-6fc89cfcd197,Minnesota,1/23/18,Yes,34,6,16,0.38,1,6,0.17,2,2,1,9,24,0.38,1,2,3,4,0,1,1,0,0,15,14
dcc452c9-253d-4427-8f11-6fc89cfcd197,Michigan,1/29/18,Yes,37,5,11,0.46,2,5,0.4,3,3,1,10,19,0.53,0,2,2,4,4,1,3,0,0,15,14
dcc452c9-253d-4427-8f11-6fc89cfcd197,Wisconsin,2/1/18,Yes,36,4,12,0.33,2,5,0.4,4,4,1,10,21,0.48,1,3,4,4,1,1,2,0,0,14,14
dcc452c9-253d-4427-8f11-6fc89cfcd197,Michigan,2/6/18,Yes,36,6,13,0.46,4,6,0.67,3,4,0.75,13,23,0.57,1,6,7,4,3,1,0,0,1,19,14
dcc452c9-253d-4427-8f11-6fc89cfcd197,Maryland,2/10/18,Yes,34,8,20,0.4,4,10,0.4,0,0,0,12,30,0.4,2,3,5,4,2,3,2,0,0,20,14
dcc452c9-253d-4427-8f11-6fc89cfcd197,Rutgers,2/13/18,Yes,38,7,20,0.35,3,8,0.38,2,3,0.67,12,31,0.39,0,4,4,4,2,3,4,0,0,19,15
dcc452c9-253d-4427-8f11-6fc89cfcd197,Michigan State,2/17/18,Yes,31,2,7,0.29,2,5,0.4,0,0,0,4,12,0.33,0,5,5,4,2,2,1,0,1,6,14
dcc452c9-253d-4427-8f11-6fc89cfcd197,Maryland,2/19/18,Yes,36,6,12,0.5,3,5,0.6,0,0,0,9,17,0.53,1,1,2,4,4,2,6,0,0,15,14
dcc452c9-253d-4427-8f11-6fc89cfcd197,Wisconsin,2/22/18,Yes,40,8,16,0.5,2,6,0.33,8,9,0.89,18,31,0.58,2,1,3,4,4,0,2,0,0,26,15
dcc452c9-253d-4427-8f11-6fc89cfcd197,Iowa,2/25/18,Yes,40,10,14,0.71,9,11,0.82,3,4,0.75,22,29,0.76,1,3,4,4,2,0,0,0,0,32,15
dcc452c9-253d-4427-8f11-6fc89cfcd197,Penn State,3/1/18,Yes,35,4,13,0.31,2,7,0.29,2,2,1,8,22,0.36,1,7,8,4,5,1,1,1,0,12,15
dcc452c9-253d-4427-8f11-6fc89cfcd197,Total,NULL,NULL,1026,169,424,0.4,79,218,0.36,68,82,0.83,316,724,0.44,24,99,123,4,82,54,52,14,15,485,15
facc5bd9-2b6a-4d39-b6fe-a3f5a82d9379,Loyola (Md.),11/10/17,NULL,8,0,0,0,0,0,0,0,0,0,0,0,NULL,0,0,0,0,1,1,0,0,0,0,0
facc5bd9-2b6a-4d39-b6fe-a3f5a82d9379,Saint Peter's,11/13/17,NULL,10,0,2,0,0,1,0,0,0,0,0,3,0,0,0,0,0,0,1,0,0,0,0,0
facc5bd9-2b6a-4d39-b6fe-a3f5a82d9379,Creighton,11/15/17,NULL,2,0,1,0,0,1,0,0,0,0,0,2,0,0,1,1,0,1,0,0,0,1,0,0
facc5bd9-2b6a-4d39-b6fe-a3f5a82d9379,La Salle,11/18/17,NULL,5,0,0,0,0,0,0,0,0,0,0,0,NULL,0,1,1,1,0,0,0,0,0,0,0
facc5bd9-2b6a-4d39-b6fe-a3f5a82d9379,Texas Tech,11/19/17,NULL,8,0,1,0,0,1,0,0,0,0,0,2,0,0,0,0,0,0,0,0,0,0,0,0
facc5bd9-2b6a-4d39-b6fe-a3f5a82d9379,Sacred Heart,11/24/17,NULL,7,0,1,0,0,0,0,0,0,0,0,1,0,0,0,0,0,0,1,0,0,1,0,0
facc5bd9-2b6a-4d39-b6fe-a3f5a82d9379,Georgia Tech,11/28/17,NULL,18,1,2,0.5,1,2,0.5,0,0,0,2,4,0.5,0,1,1,0,0,1,0,0,1,3,0
facc5bd9-2b6a-4d39-b6fe-a3f5a82d9379,Illinois,12/1/17,Yes,14,0,1,0,0,1,0,0,0,0,0,2,0,0,3,3,1,1,0,1,0,0,0,0
facc5bd9-2b6a-4d39-b6fe-a3f5a82d9379,Purdue,12/3/17,NULL,3,0,0,0,0,0,0,0,0,0,0,0,NULL,0,0,0,1,0,0,0,0,1,0,0
facc5bd9-2b6a-4d39-b6fe-a3f5a82d9379,Chicago State,12/11/17,NULL,22,1,3,0.33,0,2,0,0,0,0,1,5,0.2,0,0,0,1,0,4,0,0,3,2,1
facc5bd9-2b6a-4d39-b6fe-a3f5a82d9379,Valparaiso,12/14/17,NULL,11,2,5,0.4,1,2,0.5,0,0,0,3,7,0.43,1,0,1,1,1,0,0,0,0,5,1
facc5bd9-2b6a-4d39-b6fe-a3f5a82d9379,DePaul,12/16/17,NULL,16,2,3,0.67,1,2,0.5,0,0,0,3,5,0.6,1,3,4,1,2,1,1,0,1,5,1
facc5bd9-2b6a-4d39-b6fe-a3f5a82d9379,Lewis,12/19/17,Yes,24,0,3,0,0,3,0,0,0,0,0,6,0,0,4,4,1,2,3,1,0,0,0,1
facc5bd9-2b6a-4d39-b6fe-a3f5a82d9379,Oklahoma,12/22/17,Yes,31,3,6,0.5,2,5,0.4,3,4,0.75,8,15,0.53,0,0,0,1,4,0,0,0,2,11,2
facc5bd9-2b6a-4d39-b6fe-a3f5a82d9379,Brown,12/30/17,NULL,20,2,6,0.33,1,3,0.33,0,0,0,3,9,0.33,0,4,4,1,3,2,2,0,1,5,2
facc5bd9-2b6a-4d39-b6fe-a3f5a82d9379,Nebraska,1/2/18,Yes,28,1,4,0.25,0,3,0,0,0,0,1,7,0.14,0,2,2,1,2,1,1,0,2,2,2
facc5bd9-2b6a-4d39-b6fe-a3f5a82d9379,Penn State,1/5/18,NULL,16,2,3,0.67,2,2,1,0,0,0,4,5,0.8,0,2,2,1,0,0,1,0,0,6,2
facc5bd9-2b6a-4d39-b6fe-a3f5a82d9379,Minnesota,1/10/18,NULL,13,1,2,0.5,1,1,1,0,0,0,2,3,0.67,0,0,0,1,2,0,1,0,0,3,2
facc5bd9-2b6a-4d39-b6fe-a3f5a82d9379,Indiana,1/14/18,NULL,14,0,1,0,0,1,0,0,0,0,0,2,0,0,2,2,1,1,1,2,0,0,0,2
facc5bd9-2b6a-4d39-b6fe-a3f5a82d9379,Ohio State,1/17/18,NULL,4,0,0,0,0,0,0,0,0,0,0,0,NULL,0,1,1,1,0,1,1,0,0,0,2
facc5bd9-2b6a-4d39-b6fe-a3f5a82d9379,Penn State,1/20/18,NULL,6,2,2,1,1,1,1,0,1,0,3,4,0.75,1,0,1,1,1,0,0,0,0,5,2
facc5bd9-2b6a-4d39-b6fe-a3f5a82d9379,Minnesota,1/23/18,NULL,8,1,3,0.33,1,2,0.5,0,0,0,2,5,0.4,0,0,0,1,1,0,0,0,0,3,2
facc5bd9-2b6a-4d39-b6fe-a3f5a82d9379,Michigan,1/29/18,NULL,12,0,1,0,0,1,0,0,0,0,0,2,0,0,1,1,1,3,0,1,0,0,0,2
facc5bd9-2b6a-4d39-b6fe-a3f5a82d9379,Wisconsin,2/1/18,NULL,8,0,0,0,0,0,0,0,0,0,0,0,NULL,0,0,0,1,0,0,1,0,1,0,2
facc5bd9-2b6a-4d39-b6fe-a3f5a82d9379,Michigan,2/6/18,NULL,9,1,2,0.5,0,0,0,0,0,0,1,2,0.5,0,1,1,1,0,1,0,0,0,2,2
facc5bd9-2b6a-4d39-b6fe-a3f5a82d9379,Total,NULL,NULL,317,19,52,0.37,11,1,0.32,3,5,0.6,33,58,0.57,3,26,29,1,25,18,13,0,14,52,2
84e62cde-4aaa-4da8-b1b4-e845d29177e0,Loyola (Md.),11/10/17,NULL,10,0,2,0,0,1,0,0,0,0,0,3,0,0,5,5,5,4,1,1,2,0,0,0
84e62cde-4aaa-4da8-b1b4-e845d29177e0,Saint Peter's,11/13/17,NULL,3,1,2,0.5,0,0,0,0,0,0,1,2,0.5,0,1,1,3,0,0,2,1,0,2,1
84e62cde-4aaa-4da8-b1b4-e845d29177e0,Creighton,11/15/17,NULL,9,0,1,0,0,0,0,3,6,0.5,3,7,0.43,1,2,3,3,1,0,0,0,0,3,2
84e62cde-4aaa-4da8-b1b4-e845d29177e0,La Salle,11/18/17,NULL,14,1,1,1,0,0,0,0,0,0,1,1,1,0,3,3,3,4,0,0,3,0,2,2
84e62cde-4aaa-4da8-b1b4-e845d29177e0,Texas Tech,11/19/17,NULL,17,1,1,1,0,0,0,0,4,0,1,5,0.2,2,0,2,3,1,0,1,0,0,2,2
84e62cde-4aaa-4da8-b1b4-e845d29177e0,Sacred Heart,11/24/17,NULL,15,0,1,0,0,0,0,2,2,1,2,3,0.67,0,2,2,3,3,0,1,1,0,2,2
84e62cde-4aaa-4da8-b1b4-e845d29177e0,Georgia Tech,11/28/17,NULL,9,0,1,0,0,0,0,0,0,0,0,1,0,0,1,1,2,2,0,0,0,0,0,2
84e62cde-4aaa-4da8-b1b4-e845d29177e0,Illinois,12/1/17,NULL,2,0,0,0,0,0,0,0,0,0,0,0,NULL,0,0,0,2,1,0,0,0,0,0,1
84e62cde-4aaa-4da8-b1b4-e845d29177e0,Purdue,12/3/17,NULL,10,1,1,1,0,0,0,0,0,0,1,1,1,0,0,0,2,3,2,1,0,0,2,1
84e62cde-4aaa-4da8-b1b4-e845d29177e0,Chicago State,12/11/17,NULL,16,1,2,0.5,0,0,0,2,2,1,3,4,0.75,0,3,3,2,3,0,2,1,1,4,2
84e62cde-4aaa-4da8-b1b4-e845d29177e0,Valparaiso,12/14/17,NULL,11,1,3,0.33,0,0,0,1,2,0.5,2,5,0.4,1,1,2,2,5,0,1,0,1,3,2
84e62cde-4aaa-4da8-b1b4-e845d29177e0,DePaul,12/16/17,NULL,3,0,0,0,0,0,0,0,0,0,0,0,NULL,0,0,0,2,1,0,0,0,0,0,2
84e62cde-4aaa-4da8-b1b4-e845d29177e0,Lewis,12/19/17,NULL,14,0,0,0,0,0,0,4,5,0.8,4,5,0.8,3,2,5,2,5,0,1,2,1,4,2
84e62cde-4aaa-4da8-b1b4-e845d29177e0,Oklahoma,12/22/17,NULL,14,2,4,0.5,0,0,0,0,1,0,2,5,0.4,2,3,5,2,3,3,0,1,0,4,2
84e62cde-4aaa-4da8-b1b4-e845d29177e0,Brown,12/30/17,NULL,6,2,2,1,0,0,0,2,2,1,4,4,1,0,1,1,2,1,0,0,0,0,6,2
84e62cde-4aaa-4da8-b1b4-e845d29177e0,Nebraska,1/2/18,NULL,4,0,0,0,0,0,0,0,2,0,0,2,0,0,0,0,2,1,0,1,0,0,0,2
84e62cde-4aaa-4da8-b1b4-e845d29177e0,Penn State,1/5/18,NULL,12,1,1,1,0,0,0,0,0,0,1,1,1,1,1,2,2,2,0,1,0,0,2,2
84e62cde-4aaa-4da8-b1b4-e845d29177e0,Minnesota,1/10/18,NULL,8,0,1,0,0,0,0,0,2,0,0,3,0,1,1,2,2,0,0,1,0,0,0,2
84e62cde-4aaa-4da8-b1b4-e845d29177e0,Indiana,1/14/18,NULL,5,0,0,0,0,0,0,0,0,0,0,0,NULL,0,1,1,2,3,1,0,0,0,0,2
84e62cde-4aaa-4da8-b1b4-e845d29177e0,Ohio State,1/17/18,NULL,3,0,0,0,0,0,0,0,0,0,0,0,NULL,1,1,2,2,1,0,1,0,0,0,2
84e62cde-4aaa-4da8-b1b4-e845d29177e0,Penn State,1/20/18,NULL,6,1,2,0.5,0,0,0,0,0,0,1,2,0.5,2,0,2,2,2,0,0,0,1,2,2
84e62cde-4aaa-4da8-b1b4-e845d29177e0,Minnesota,1/23/18,NULL,11,1,2,0.5,0,0,0,0,0,0,1,2,0.5,0,1,1,2,4,0,1,1,2,2,2
84e62cde-4aaa-4da8-b1b4-e845d29177e0,Michigan,1/29/18,NULL,5,0,0,0,0,0,0,0,0,0,0,0,NULL,0,1,1,2,2,0,0,0,0,0,2
84e62cde-4aaa-4da8-b1b4-e845d29177e0,Wisconsin,2/1/18,NULL,2,0,0,0,0,0,0,0,0,0,0,0,NULL,0,1,1,2,0,0,0,0,0,0,2
84e62cde-4aaa-4da8-b1b4-e845d29177e0,Michigan,2/6/18,NULL,11,0,0,0,0,0,0,2,2,1,2,2,1,1,0,1,2,2,1,0,0,0,2,2
84e62cde-4aaa-4da8-b1b4-e845d29177e0,Maryland,2/10/18,NULL,7,0,0,0,0,0,0,0,0,0,0,0,NULL,0,1,1,2,0,0,0,0,0,0,2
84e62cde-4aaa-4da8-b1b4-e845d29177e0,Rutgers,2/13/18,NULL,4,0,1,0,0,0,0,0,0,0,0,1,0,0,2,2,2,0,1,0,0,0,0,2
84e62cde-4aaa-4da8-b1b4-e845d29177e0,Michigan State,2/17/18,NULL,13,0,1,0,0,0,0,0,0,0,0,1,0,0,0,0,2,4,2,0,0,0,0,2
84e62cde-4aaa-4da8-b1b4-e845d29177e0,Maryland,2/19/18,NULL,4,0,0,0,0,0,0,0,0,0,0,0,NULL,0,1,1,2,2,0,2,0,0,0,1
84e62cde-4aaa-4da8-b1b4-e845d29177e0,Wisconsin,2/22/18,NULL,3,0,0,0,0,0,0,0,0,0,0,0,NULL,0,1,1,2,2,0,0,0,0,0,1
84e62cde-4aaa-4da8-b1b4-e845d29177e0,Iowa,2/25/18,NULL,25,4,4,1,0,0,0,0,0,0,4,4,1,3,7,10,2,4,2,1,3,1,8,2
84e62cde-4aaa-4da8-b1b4-e845d29177e0,Penn State,3/1/18,Yes,30,4,5,0.8,0,0,0,1,2,0.5,5,7,0.71,4,5,9,2,2,1,0,3,0,9,2
84e62cde-4aaa-4da8-b1b4-e845d29177e0,Total,NULL,NULL,306,2,8,0.55,0,1,0,17,32,0.53,19,41,0.46,22,48,70,2,68,14,18,18,7,59,2
0313794b-101c-4708-ba1c-abb967de4325,Loyola (Md.),11/10/17,Yes,38,4,13,0.31,0,5,0,8,8,1,12,26,0.46,2,2,4,4,1,7,4,1,3,16,16
0313794b-101c-4708-ba1c-abb967de4325,Saint Peter's,11/13/17,Yes,37,5,9,0.56,1,2,0.5,6,6,1,12,17,0.71,0,7,7,6,2,3,2,1,0,17,17
0313794b-101c-4708-ba1c-abb967de4325,Creighton,11/15/17,Yes,40,11,20,0.55,2,3,0.67,0,0,0,13,23,0.57,2,2,4,5,1,9,1,0,0,24,19
0313794b-101c-4708-ba1c-abb967de4325,La Salle,11/18/17,Yes,34,8,15,0.53,5,6,0.83,0,0,0,13,21,0.62,0,1,1,4,1,7,2,0,0,21,20
0313794b-101c-4708-ba1c-abb967de4325,Texas Tech,11/19/17,Yes,32,1,8,0.13,0,3,0,3,3,1,4,14,0.29,0,2,2,4,2,3,5,0,0,5,17
0313794b-101c-4708-ba1c-abb967de4325,Sacred Heart,11/24/17,Yes,31,3,10,0.3,1,5,0.2,2,2,1,6,17,0.35,0,4,4,4,3,6,3,0,1,9,15
0313794b-101c-4708-ba1c-abb967de4325,Georgia Tech,11/28/17,Yes,39,8,18,0.44,2,5,0.4,0,0,0,10,23,0.43,2,4,6,4,3,5,1,0,0,18,16
0313794b-101c-4708-ba1c-abb967de4325,Illinois,12/1/17,Yes,42,5,14,0.36,2,4,0.5,2,3,0.67,9,21,0.43,0,3,3,4,2,6,6,0,1,14,16
0313794b-101c-4708-ba1c-abb967de4325,Purdue,12/3/17,Yes,36,2,8,0.25,1,5,0.2,0,0,0,3,13,0.23,1,2,3,4,1,5,2,0,0,5,14
0313794b-101c-4708-ba1c-abb967de4325,Chicago State,12/11/17,Yes,20,2,6,0.33,1,4,0.25,4,4,1,7,14,0.5,0,0,0,3,0,7,0,0,1,9,14
0313794b-101c-4708-ba1c-abb967de4325,Valparaiso,12/14/17,Yes,25,4,7,0.57,0,2,0,0,0,0,4,9,0.44,0,2,2,3,1,5,1,0,2,8,13
0313794b-101c-4708-ba1c-abb967de4325,DePaul,12/16/17,Yes,38,2,17,0.12,0,6,0,0,0,0,2,23,0.09,1,0,1,3,3,7,0,0,0,4,13
0313794b-101c-4708-ba1c-abb967de4325,Lewis,12/19/17,Yes,26,8,14,0.57,6,11,0.55,2,2,1,16,27,0.59,0,1,1,3,1,7,1,0,0,24,13
0313794b-101c-4708-ba1c-abb967de4325,Oklahoma,12/22/17,Yes,27,4,13,0.31,2,6,0.33,2,2,1,8,21,0.38,0,0,0,3,2,2,2,0,0,12,13
0313794b-101c-4708-ba1c-abb967de4325,Brown,12/30/17,Yes,21,6,8,0.75,1,1,1,0,0,0,7,9,0.78,0,0,0,3,0,3,3,0,0,13,13
0313794b-101c-4708-ba1c-abb967de4325,Penn State,1/5/18,Yes,34,6,14,0.43,4,6,0.67,2,2,1,12,22,0.55,2,1,3,3,3,4,5,0,2,18,14
0313794b-101c-4708-ba1c-abb967de4325,Minnesota,1/10/18,Yes,34,4,13,0.31,0,4,0,3,4,0.75,7,21,0.33,1,4,5,3,0,16,0,1,1,11,13
0313794b-101c-4708-ba1c-abb967de4325,Indiana,1/14/18,Yes,24,2,8,0.25,1,2,0.5,2,2,1,5,12,0.42,0,3,3,3,1,2,3,0,0,7,13
0313794b-101c-4708-ba1c-abb967de4325,Ohio State,1/17/18,Yes,38,4,14,0.29,2,7,0.29,0,0,0,6,21,0.29,0,1,1,3,1,5,2,0,0,10,13
0313794b-101c-4708-ba1c-abb967de4325,Penn State,1/20/18,Yes,34,5,16,0.31,0,4,0,0,1,0,5,21,0.24,0,4,4,3,0,4,3,0,0,10,13
0313794b-101c-4708-ba1c-abb967de4325,Minnesota,1/23/18,Yes,32,7,13,0.54,2,6,0.33,2,4,0.5,11,23,0.48,0,1,1,3,2,3,1,0,1,18,13
0313794b-101c-4708-ba1c-abb967de4325,Michigan,1/29/18,Yes,35,3,10,0.3,0,2,0,0,1,0,3,13,0.23,0,3,3,3,4,5,3,0,0,6,13
0313794b-101c-4708-ba1c-abb967de4325,Wisconsin,2/1/18,Yes,32,2,8,0.25,0,1,0,6,6,1,8,15,0.53,0,1,1,3,2,4,7,0,1,10,13
0313794b-101c-4708-ba1c-abb967de4325,Michigan,2/6/18,Yes,35,8,11,0.73,3,3,1,5,7,0.71,16,21,0.76,2,1,3,3,3,5,1,0,0,24,13
0313794b-101c-4708-ba1c-abb967de4325,Maryland,2/10/18,Yes,28,0,5,0,0,2,0,0,0,0,0,7,0,0,1,1,3,3,1,3,0,0,0,13
0313794b-101c-4708-ba1c-abb967de4325,Rutgers,2/13/18,Yes,14,1,5,0.2,0,2,0,0,0,0,1,7,0.14,0,1,1,3,1,5,2,0,0,2,12
0313794b-101c-4708-ba1c-abb967de4325,Wisconsin,2/22/18,Yes,38,8,17,0.47,2,4,0.5,0,0,0,10,21,0.48,0,3,3,3,2,6,6,0,0,18,12
0313794b-101c-4708-ba1c-abb967de4325,Iowa,2/25/18,Yes,7,1,1,1,0,0,0,0,0,0,1,1,1,0,0,0,2,0,1,3,0,0,2,12
0313794b-101c-4708-ba1c-abb967de4325,Penn State,3/1/18,Yes,38,3,12,0.25,1,6,0.17,0,1,0,4,19,0.21,0,2,2,2,1,6,2,0,0,7,12
0313794b-101c-4708-ba1c-abb967de4325,Total,NULL,NULL,909,127,327,0.39,39,117,0.33,49,58,0.85,215,502,0.43,13,56,69,2,46,149,74,3,13,342,12
288470a7-76d2-4d55-869a-5d4cd9dc7854,Sacred Heart,11/24/17,NULL,1,0,0,0,0,0,0,0,0,0,0,0,NULL,0,0,0,0,0,0,0,0,0,0,0
288470a7-76d2-4d55-869a-5d4cd9dc7854,Chicago State,12/11/17,NULL,3,0,1,0,0,0,0,0,0,0,0,1,0,0,0,0,0,0,1,0,0,0,0,0
288470a7-76d2-4d55-869a-5d4cd9dc7854,Valparaiso,12/14/17,NULL,3,0,0,0,0,0,0,0,0,0,0,0,NULL,0,2,2,1,0,0,1,0,0,0,0
288470a7-76d2-4d55-869a-5d4cd9dc7854,Lewis,12/19/17,NULL,4,0,3,0,0,1,0,0,0,0,0,4,0,0,0,0,1,0,0,0,0,1,0,0
288470a7-76d2-4d55-869a-5d4cd9dc7854,Indiana,1/14/18,NULL,0,0,0,0,0,0,0,0,0,0,0,0,NULL,0,0,0,0,0,0,0,0,0,0,0
288470a7-76d2-4d55-869a-5d4cd9dc7854,Maryland,2/10/18,NULL,1,0,0,0,0,0,0,0,0,0,0,0,NULL,0,0,0,0,0,0,0,1,0,0,0
288470a7-76d2-4d55-869a-5d4cd9dc7854,Wisconsin,2/22/18,NULL,0,0,0,0,0,0,0,0,0,0,0,0,NULL,0,0,0,0,0,0,0,0,0,0,0
288470a7-76d2-4d55-869a-5d4cd9dc7854,Iowa,2/25/18,NULL,0,0,0,0,0,0,0,0,0,0,0,0,NULL,0,0,0,0,0,0,0,0,0,0,0
288470a7-76d2-4d55-869a-5d4cd9dc7854,Penn State,3/1/18,NULL,0,0,0,0,0,0,0,0,0,0,0,0,NULL,0,0,0,0,0,0,0,0,0,0,0
288470a7-76d2-4d55-869a-5d4cd9dc7854,Total,NULL,NULL,12,0,4,0,0,1,0,0,0,NULL,0,5,0,0,2,2,0,0,1,1,1,1,0,0
6f8b7570-63e2-499a-85ac-e3cf1bd56022,La Salle,11/18/17,NULL,18,3,5,0.6,3,5,0.6,2,2,1,8,12,0.67,0,1,1,1,1,0,1,0,0,11,11
6f8b7570-63e2-499a-85ac-e3cf1bd56022,Texas Tech,11/19/17,NULL,16,2,6,0.33,1,4,0.25,2,3,0.67,5,13,0.38,1,0,1,1,2,0,3,0,1,7,9
6f8b7570-63e2-499a-85ac-e3cf1bd56022,Sacred Heart,11/24/17,NULL,16,2,5,0.4,1,4,0.25,0,0,0,3,9,0.33,0,3,3,2,0,4,0,0,1,5,8
6f8b7570-63e2-499a-85ac-e3cf1bd56022,Georgia Tech,11/28/17,NULL,17,1,8,0.13,0,7,0,0,0,0,1,15,0.07,0,1,1,2,2,0,0,0,0,2,6
6f8b7570-63e2-499a-85ac-e3cf1bd56022,Illinois,12/1/17,Yes,22,1,6,0.17,1,4,0.25,4,4,1,6,14,0.43,0,1,1,1,5,2,5,0,0,7,6
6f8b7570-63e2-499a-85ac-e3cf1bd56022,Purdue,12/3/17,Yes,12,0,1,0,0,1,0,0,0,0,0,2,0,0,1,1,1,0,0,0,0,0,0,5
6f8b7570-63e2-499a-85ac-e3cf1bd56022,Chicago State,12/11/17,Yes,19,5,9,0.56,4,8,0.5,1,1,1,10,18,0.56,0,1,1,1,1,1,1,0,0,15,7
6f8b7570-63e2-499a-85ac-e3cf1bd56022,Valparaiso,12/14/17,Yes,15,2,4,0.5,2,2,1,0,0,0,4,6,0.67,0,1,1,1,0,2,0,2,0,6,7
6f8b7570-63e2-499a-85ac-e3cf1bd56022,DePaul,12/16/17,Yes,12,0,3,0,0,3,0,0,0,0,0,6,0,1,1,2,1,0,0,0,0,0,0,6
6f8b7570-63e2-499a-85ac-e3cf1bd56022,Lewis,12/19/17,Yes,18,2,6,0.33,2,4,0.5,0,0,0,4,10,0.4,0,3,3,2,1,1,1,0,1,6,6
6f8b7570-63e2-499a-85ac-e3cf1bd56022,Oklahoma,12/22/17,Yes,21,4,8,0.5,4,7,0.57,0,0,0,8,15,0.53,1,1,2,2,3,0,1,0,0,12,7
6f8b7570-63e2-499a-85ac-e3cf1bd56022,Brown,12/30/17,NULL,9,2,2,1,1,1,1,2,3,0.67,5,6,0.83,0,1,1,2,1,0,0,1,0,7,7
6f8b7570-63e2-499a-85ac-e3cf1bd56022,Nebraska,1/2/18,NULL,17,4,8,0.5,3,5,0.6,0,0,0,7,13,0.54,1,1,2,2,5,0,0,0,0,11,7
6f8b7570-63e2-499a-85ac-e3cf1bd56022,Penn State,1/5/18,NULL,2,0,1,0,0,1,0,0,0,0,0,2,0,0,0,0,1,1,0,0,0,0,0,6
6f8b7570-63e2-499a-85ac-e3cf1bd56022,Minnesota,1/10/18,Yes,24,4,6,0.67,3,5,0.6,4,5,0.8,11,16,0.69,0,5,5,2,2,0,0,0,0,15,7
6f8b7570-63e2-499a-85ac-e3cf1bd56022,Indiana,1/14/18,Yes,19,2,8,0.25,2,6,0.33,2,2,1,6,16,0.38,0,5,5,2,1,0,2,0,1,8,7
6f8b7570-63e2-499a-85ac-e3cf1bd56022,Penn State,1/20/18,NULL,3,0,0,0,0,0,0,0,0,0,0,0,NULL,0,0,0,2,0,0,0,0,0,0,7
6f8b7570-63e2-499a-85ac-e3cf1bd56022,Minnesota,1/23/18,NULL,21,0,0,0,0,0,0,8,9,0.89,8,9,0.89,0,2,2,2,0,2,0,1,2,8,7
6f8b7570-63e2-499a-85ac-e3cf1bd56022,Michigan,1/29/18,NULL,14,2,6,0.33,2,3,0.67,0,0,0,4,9,0.44,0,2,2,2,0,0,0,0,0,6,7
6f8b7570-63e2-499a-85ac-e3cf1bd56022,Wisconsin,2/1/18,NULL,18,0,2,0,0,1,0,2,3,0.67,2,6,0.33,2,0,2,2,2,0,0,0,0,2,6
6f8b7570-63e2-499a-85ac-e3cf1bd56022,Michigan,2/6/18,NULL,10,0,1,0,0,1,0,0,0,0,0,2,0,0,1,1,2,0,1,0,0,0,0,6
6f8b7570-63e2-499a-85ac-e3cf1bd56022,Maryland,2/10/18,NULL,17,2,4,0.5,2,3,0.67,2,2,1,6,9,0.67,0,0,0,2,1,0,0,0,0,8,6
6f8b7570-63e2-499a-85ac-e3cf1bd56022,Rutgers,2/13/18,NULL,22,3,8,0.38,2,5,0.4,0,0,0,5,13,0.38,2,0,2,2,4,1,1,1,0,8,6
6f8b7570-63e2-499a-85ac-e3cf1bd56022,Michigan State,2/17/18,NULL,20,0,5,0,0,3,0,0,0,0,0,8,0,0,3,3,2,0,0,0,0,0,0,6
6f8b7570-63e2-499a-85ac-e3cf1bd56022,Maryland,2/19/18,Yes,15,1,4,0.25,1,4,0.25,0,0,0,2,8,0.25,0,1,1,2,0,0,0,0,1,3,6
6f8b7570-63e2-499a-85ac-e3cf1bd56022,Wisconsin,2/22/18,NULL,20,0,4,0,0,3,0,0,0,0,0,7,0,0,1,1,2,2,0,0,0,1,0,6
6f8b7570-63e2-499a-85ac-e3cf1bd56022,Iowa,2/25/18,NULL,13,2,6,0.33,2,4,0.5,0,0,0,4,10,0.4,0,1,1,2,2,1,0,0,1,6,6
6f8b7570-63e2-499a-85ac-e3cf1bd56022,Penn State,3/1/18,NULL,17,1,3,0.33,0,2,0,0,0,0,1,5,0.2,0,3,3,2,1,0,0,1,0,2,6
6f8b7570-63e2-499a-85ac-e3cf1bd56022,Total,NULL,NULL,447,45,129,0.35,36,96,0.38,29,34,0.85,110,259,0.42,8,40,48,2,37,15,15,6,9,155,6
81b2a6fa-ae7f-42ce-b083-351787aab7b5,Loyola (Md.),11/10/17,Yes,19,1,1,1,0,0,0,1,2,0.5,2,3,0.67,0,2,2,2,4,1,2,2,1,3,3
81b2a6fa-ae7f-42ce-b083-351787aab7b5,Saint Peter's,11/13/17,Yes,31,4,7,0.57,1,3,0.33,5,5,1,10,15,0.67,3,3,6,4,4,1,2,1,0,14,9
81b2a6fa-ae7f-42ce-b083-351787aab7b5,Creighton,11/15/17,Yes,36,4,7,0.57,3,4,0.75,3,4,0.75,10,15,0.67,0,6,6,5,1,1,0,2,0,14,10
81b2a6fa-ae7f-42ce-b083-351787aab7b5,La Salle,11/18/17,Yes,22,2,2,1,0,0,0,2,2,1,4,4,1,1,1,2,4,3,3,2,0,0,6,9
81b2a6fa-ae7f-42ce-b083-351787aab7b5,Texas Tech,11/19/17,Yes,16,0,1,0,0,1,0,0,0,0,0,2,0,0,2,2,4,1,1,0,0,2,0,7
81b2a6fa-ae7f-42ce-b083-351787aab7b5,Sacred Heart,11/24/17,Yes,23,4,6,0.67,2,3,0.67,0,1,0,6,10,0.6,1,4,5,4,2,1,3,1,1,10,8
81b2a6fa-ae7f-42ce-b083-351787aab7b5,Georgia Tech,11/28/17,Yes,23,2,4,0.5,1,1,1,1,1,1,4,6,0.67,0,1,1,3,2,0,1,0,1,6,8
81b2a6fa-ae7f-42ce-b083-351787aab7b5,Illinois,12/1/17,NULL,15,1,2,0.5,0,0,0,0,0,0,1,2,0.5,1,2,3,3,5,1,1,0,1,2,7
81b2a6fa-ae7f-42ce-b083-351787aab7b5,Purdue,12/3/17,NULL,26,2,7,0.29,0,2,0,0,0,0,2,9,0.22,1,1,2,3,0,0,1,1,2,4,7
81b2a6fa-ae7f-42ce-b083-351787aab7b5,Chicago State,12/11/17,NULL,17,1,5,0.2,1,3,0.33,2,2,1,4,10,0.4,0,7,7,4,4,1,4,0,0,5,6
81b2a6fa-ae7f-42ce-b083-351787aab7b5,Valparaiso,12/14/17,NULL,24,4,11,0.36,2,4,0.5,2,4,0.5,8,19,0.42,5,5,10,4,0,1,2,1,2,12,7
81b2a6fa-ae7f-42ce-b083-351787aab7b5,DePaul,12/16/17,NULL,15,1,1,1,0,0,0,0,1,0,1,2,0.5,0,2,2,4,5,2,4,1,3,2,7
81b2a6fa-ae7f-42ce-b083-351787aab7b5,Lewis,12/19/17,NULL,22,5,5,1,2,2,1,3,4,0.75,10,11,0.91,0,4,4,4,3,1,2,1,1,15,7
81b2a6fa-ae7f-42ce-b083-351787aab7b5,Oklahoma,12/22/17,NULL,19,2,4,0.5,0,1,0,2,2,1,4,7,0.57,3,3,6,4,0,1,0,0,0,6,7
81b2a6fa-ae7f-42ce-b083-351787aab7b5,Brown,12/30/17,Yes,28,2,2,1,1,1,1,1,2,0.5,4,5,0.8,1,3,4,4,3,1,1,3,1,6,7
81b2a6fa-ae7f-42ce-b083-351787aab7b5,Nebraska,1/2/18,Yes,18,1,6,0.17,1,2,0.5,0,0,0,2,8,0.25,3,2,5,4,3,1,0,0,0,3,7
81b2a6fa-ae7f-42ce-b083-351787aab7b5,Penn State,1/5/18,Yes,19,2,6,0.33,1,3,0.33,2,2,1,5,11,0.45,2,2,4,4,3,0,2,0,1,7,7
81b2a6fa-ae7f-42ce-b083-351787aab7b5,Minnesota,1/10/18,NULL,18,3,4,0.75,2,2,1,0,0,0,5,6,0.83,1,4,5,4,4,2,3,0,0,8,7
81b2a6fa-ae7f-42ce-b083-351787aab7b5,Indiana,1/14/18,NULL,19,1,5,0.2,1,3,0.33,0,0,0,2,8,0.25,2,3,5,4,2,0,2,1,0,3,7
81b2a6fa-ae7f-42ce-b083-351787aab7b5,Ohio State,1/17/18,Yes,28,5,8,0.63,1,3,0.33,0,2,0,6,13,0.46,0,2,2,4,4,3,2,1,1,11,7
81b2a6fa-ae7f-42ce-b083-351787aab7b5,Penn State,1/20/18,Yes,27,1,4,0.25,0,1,0,2,2,1,3,7,0.43,2,1,3,4,1,3,0,0,1,4,7
81b2a6fa-ae7f-42ce-b083-351787aab7b5,Minnesota,1/23/18,Yes,15,1,2,0.5,0,0,0,1,1,1,2,3,0.67,3,2,5,4,3,1,1,0,0,3,7
81b2a6fa-ae7f-42ce-b083-351787aab7b5,Michigan,1/29/18,Yes,24,2,4,0.5,0,0,0,1,1,1,3,5,0.6,1,5,6,4,2,0,1,0,1,5,7
81b2a6fa-ae7f-42ce-b083-351787aab7b5,Wisconsin,2/1/18,Yes,22,3,4,0.75,1,2,0.5,1,2,0.5,5,8,0.63,0,5,5,4,4,1,1,0,2,8,7
81b2a6fa-ae7f-42ce-b083-351787aab7b5,Michigan,2/6/18,Yes,31,1,6,0.17,0,3,0,0,0,0,1,9,0.11,0,9,9,4,2,1,2,0,1,2,6
81b2a6fa-ae7f-42ce-b083-351787aab7b5,Maryland,2/10/18,Yes,23,2,7,0.29,1,3,0.33,0,0,0,3,10,0.3,0,2,2,4,4,0,0,0,1,5,6
81b2a6fa-ae7f-42ce-b083-351787aab7b5,Rutgers,2/13/18,Yes,25,2,9,0.22,0,4,0,0,0,0,2,13,0.15,2,1,3,4,3,1,0,0,0,4,6
81b2a6fa-ae7f-42ce-b083-351787aab7b5,Michigan State,2/17/18,Yes,23,3,8,0.38,2,4,0.5,3,3,1,8,15,0.53,0,2,2,4,5,0,0,1,0,11,6
81b2a6fa-ae7f-42ce-b083-351787aab7b5,Maryland,2/19/18,NULL,25,1,9,0.11,1,3,0.33,3,4,0.75,5,16,0.31,1,3,4,4,2,1,3,1,0,6,6
81b2a6fa-ae7f-42ce-b083-351787aab7b5,Wisconsin,2/22/18,Yes,24,2,2,1,0,0,0,0,1,0,2,3,0.67,1,2,3,4,4,1,3,0,0,4,6
81b2a6fa-ae7f-42ce-b083-351787aab7b5,Iowa,2/25/18,Yes,8,0,0,0,0,0,0,0,2,0,0,2,0,0,0,0,4,2,0,0,0,0,0,6
81b2a6fa-ae7f-42ce-b083-351787aab7b5,Penn State,3/1/18,NULL,13,1,1,1,0,0,0,5,6,0.83,6,7,0.86,1,2,3,4,1,1,0,0,1,7,6
81b2a6fa-ae7f-42ce-b083-351787aab7b5,Total,NULL,NULL,698,66,150,0.44,24,58,0.41,40,56,0.71,130,264,0.49,35,93,128,4,86,32,45,17,24,196,6
bc83f44d-fdf4-42a7-a23b-565de107bb9c,Miss Valley St,11/11/16,NULL,26,7,10,0.7,3,4,0.75,1,7,0.14,11,21,0.52,NULL,NULL,6,6,2,4,5,0,2,18,18
bc83f44d-fdf4-42a7-a23b-565de107bb9c,E Washington,11/14/16,NULL,37,7,13,0.54,3,4,0.75,9,10,0.9,19,27,0.7,NULL,NULL,4,5,0,0,0,0,0,26,22
bc83f44d-fdf4-42a7-a23b-565de107bb9c,Butler,11/16/16,NULL,32,6,8,0.75,5,6,0.83,0,0,0,11,14,0.79,NULL,NULL,6,5.33,4,0,3,0,1,17,20.33
bc83f44d-fdf4-42a7-a23b-565de107bb9c,Texas,11/21/16,NULL,19,2,4,0.5,1,2,0.5,4,4,1,7,10,0.7,NULL,NULL,3,4.75,5,0,2,0,2,9,17.5
bc83f44d-fdf4-42a7-a23b-565de107bb9c,Notre Dame,11/22/16,NULL,33,6,12,0.5,2,4,0.5,0,0,0,8,16,0.5,NULL,NULL,7,5.2,2,2,2,0,0,14,16.8
bc83f44d-fdf4-42a7-a23b-565de107bb9c,Bryant,11/25/16,NULL,35,9,16,0.56,3,7,0.43,1,2,0.5,13,25,0.52,NULL,NULL,5,5.17,0,3,1,4,1,22,17.67
bc83f44d-fdf4-42a7-a23b-565de107bb9c,Wake Forest,11/28/16,NULL,33,3,11,0.27,1,6,0.17,0,2,0,4,19,0.21,NULL,NULL,2,4.71,3,2,0,0,2,7,16.14
bc83f44d-fdf4-42a7-a23b-565de107bb9c,Depaul,12/3/16,NULL,32,6,12,0.5,2,4,0.5,2,2,1,10,18,0.56,NULL,NULL,6,4.88,2,5,1,1,2,16,16.13
bc83f44d-fdf4-42a7-a23b-565de107bb9c,New Orleans,12/11/16,NULL,24,1,10,0.1,1,5,0.2,8,8,1,10,23,0.43,NULL,NULL,3,4.67,3,2,1,0,1,11,15.56
bc83f44d-fdf4-42a7-a23b-565de107bb9c,Chicago State,12/14/16,NULL,36,7,14,0.5,3,6,0.5,1,1,1,11,21,0.52,NULL,NULL,4,4.6,2,4,3,0,1,18,15.8
bc83f44d-fdf4-42a7-a23b-565de107bb9c,Dayton,12/17/16,NULL,34,2,8,0.25,0,3,0,2,6,0.33,4,17,0.24,NULL,NULL,9,5,2,1,1,0,0,6,14.91
bc83f44d-fdf4-42a7-a23b-565de107bb9c,IUPUI,12/20/16,NULL,17,1,5,0.2,1,2,0.5,0,0,0,2,7,0.29,NULL,NULL,4,4.92,3,1,1,0,0,3,13.92
bc83f44d-fdf4-42a7-a23b-565de107bb9c,Houston Baptist,12/22/16,NULL,32,4,12,0.33,1,5,0.2,2,5,0.4,7,22,0.32,NULL,NULL,8,5.15,3,2,1,1,1,11,13.69
bc83f44d-fdf4-42a7-a23b-565de107bb9c,Penn State,12/27/16,NULL,30,4,9,0.44,1,4,0.25,3,4,0.75,8,17,0.47,NULL,NULL,12,5.64,5,5,3,0,0,12,13.57
bc83f44d-fdf4-42a7-a23b-565de107bb9c,Michigan State,12/30/16,NULL,36,6,11,0.55,1,1,1,3,6,0.5,10,18,0.56,NULL,NULL,9,5.87,2,3,2,0,1,16,13.73
bc83f44d-fdf4-42a7-a23b-565de107bb9c,Minnesota,1/5/17,NULL,36,4,12,0.33,2,5,0.4,4,4,1,10,21,0.48,NULL,NULL,8,6,2,1,0,3,0,14,13.75
bc83f44d-fdf4-42a7-a23b-565de107bb9c,Nebraska,1/8/17,NULL,31,5,9,0.56,5,6,0.83,0,0,0,10,15,0.67,NULL,NULL,5,5.94,0,2,4,0,0,15,13.82
bc83f44d-fdf4-42a7-a23b-565de107bb9c,Rutgers,1/12/17,NULL,36,7,14,0.5,0,4,0,9,9,1,16,27,0.59,NULL,NULL,8,6.06,4,0,0,2,1,23,14.33
bc83f44d-fdf4-42a7-a23b-565de107bb9c,Iowa,1/15/17,NULL,26,5,9,0.56,2,4,0.5,0,0,0,7,13,0.54,NULL,NULL,2,5.84,2,3,3,0,1,12,14.21
bc83f44d-fdf4-42a7-a23b-565de107bb9c,Ohio State,1/22/17,NULL,31,4,13,0.31,0,3,0,2,2,1,6,18,0.33,NULL,NULL,5,5.8,4,1,2,0,1,10,14
bc83f44d-fdf4-42a7-a23b-565de107bb9c,Nebraska,1/26/17,NULL,37,6,13,0.46,2,3,0.67,6,6,1,14,22,0.64,NULL,NULL,5,5.76,2,2,2,1,0,20,14.29
bc83f44d-fdf4-42a7-a23b-565de107bb9c,Indiana,1/29/17,NULL,39,2,12,0.17,1,5,0.2,4,6,0.67,7,23,0.3,NULL,NULL,12,6.05,3,1,1,0,1,9,14.05
bc83f44d-fdf4-42a7-a23b-565de107bb9c,Purdue,2/1/17,NULL,35,0,7,0,0,1,0,1,3,0.33,1,11,0.09,NULL,NULL,4,5.96,4,1,1,0,3,1,13.48
bc83f44d-fdf4-42a7-a23b-565de107bb9c,Illinois,2/7/17,NULL,38,5,14,0.36,4,9,0.44,2,2,1,11,25,0.44,NULL,NULL,9,6.08,3,0,1,0,2,16,13.58
bc83f44d-fdf4-42a7-a23b-565de107bb9c,Wisconsin,2/12/17,NULL,40,3,12,0.25,3,6,0.5,2,2,1,8,20,0.4,NULL,NULL,6,6.08,5,1,1,1,2,11,13.48
bc83f44d-fdf4-42a7-a23b-565de107bb9c,Maryland,2/15/17,NULL,36,4,12,0.33,1,6,0.17,3,4,0.75,8,22,0.36,NULL,NULL,8,6.15,3,1,1,3,1,12,13.42
bc83f44d-fdf4-42a7-a23b-565de107bb9c,Rutgers,2/18/17,NULL,34,2,7,0.29,1,4,0.25,3,4,0.75,6,15,0.4,NULL,NULL,5,6.11,2,0,2,0,2,8,13.22
bc83f44d-fdf4-42a7-a23b-565de107bb9c,Illinois,2/21/17,NULL,22,0,4,0,0,2,0,3,4,0.75,3,10,0.3,NULL,NULL,3,6,5,0,1,0,1,3,12.86
bc83f44d-fdf4-42a7-a23b-565de107bb9c,Indiana,2/25/17,NULL,38,1,7,0.14,0,3,0,2,2,1,3,12,0.25,NULL,NULL,5,5.97,0,1,2,0,2,4,12.55
bc83f44d-fdf4-42a7-a23b-565de107bb9c,Michigan,3/1/17,NULL,36,7,10,0.7,2,4,0.5,2,2,1,11,16,0.69,NULL,NULL,5,5.93,1,3,3,0,1,18,12.73
bc83f44d-fdf4-42a7-a23b-565de107bb9c,Purdue,3/5/17,NULL,35,2,13,0.15,0,5,0,0,0,0,2,18,0.11,NULL,NULL,6,5.94,2,2,0,0,1,4,12.45
bc83f44d-fdf4-42a7-a23b-565de107bb9c,Rutgers,3/9/17,NULL,26,5,6,0.83,2,3,0.67,4,4,1,11,13,0.85,NULL,NULL,5,5.91,4,4,0,1,1,16,12.56
bc83f44d-fdf4-42a7-a23b-565de107bb9c,Maryland,3/10/17,NULL,25,5,7,0.71,2,2,1,5,8,0.63,12,17,0.71,NULL,NULL,5,5.88,4,1,2,0,2,17,12.7
bc83f44d-fdf4-42a7-a23b-565de107bb9c,Wisconsin,3/11/17,NULL,27,2,8,0.25,0,1,0,0,0,0,2,9,0.22,NULL,NULL,1,5.74,2,1,0,0,1,4,12.44
bc83f44d-fdf4-42a7-a23b-565de107bb9c,Total,NULL,NULL,1084,140,344,0.41,55,139,0.4,88,119,0.74,283,602,0.47,NULL,NULL,195,5.74,90,59,52,17,37,423,12.44
2af37014-378f-4f0b-a1f4-111cd6c2d419,Miss Valley St,11/11/16,NULL,21,2,6,0.33,0,0,0,0,1,0,2,7,0.29,NULL,NULL,7,7,2,0,0,0,0,4,4
2af37014-378f-4f0b-a1f4-111cd6c2d419,E Washington,11/14/16,NULL,31,4,5,0.8,0,0,0,4,5,0.8,8,10,0.8,NULL,NULL,5,6,3,0,1,5,1,12,8
2af37014-378f-4f0b-a1f4-111cd6c2d419,Butler,11/16/16,NULL,26,2,3,0.67,0,0,0,4,4,1,6,7,0.86,NULL,NULL,4,5.33,5,1,1,1,0,8,8
2af37014-378f-4f0b-a1f4-111cd6c2d419,Texas,11/21/16,NULL,36,4,7,0.57,0,0,0,2,5,0.4,6,12,0.5,NULL,NULL,11,6.75,3,1,0,2,0,10,8.5
2af37014-378f-4f0b-a1f4-111cd6c2d419,Notre Dame,11/22/16,NULL,35,3,4,0.75,0,0,0,0,0,0,3,4,0.75,NULL,NULL,6,6.6,2,3,0,6,2,6,8
2af37014-378f-4f0b-a1f4-111cd6c2d419,Bryant,11/25/16,NULL,27,3,6,0.5,0,0,0,0,0,0,3,6,0.5,NULL,NULL,10,7.17,1,1,0,2,0,6,7.67
2af37014-378f-4f0b-a1f4-111cd6c2d419,Wake Forest,11/28/16,NULL,16,1,2,0.5,0,0,0,0,0,0,1,2,0.5,NULL,NULL,6,7,4,1,1,2,0,2,6.86
2af37014-378f-4f0b-a1f4-111cd6c2d419,Depaul,12/3/16,NULL,NULL,NULL,NULL,NULL,NULL,NULL,NULL,NULL,NULL,NULL,NULL,NULL,NULL,NULL,NULL,NULL,7,NULL,NULL,NULL,NULL,NULL,NULL,6.86
2af37014-378f-4f0b-a1f4-111cd6c2d419,New Orleans,12/11/16,NULL,NULL,NULL,NULL,NULL,NULL,NULL,NULL,NULL,NULL,NULL,NULL,NULL,NULL,NULL,NULL,NULL,7,NULL,NULL,NULL,NULL,NULL,NULL,6.86
2af37014-378f-4f0b-a1f4-111cd6c2d419,Chicago State,12/14/16,NULL,NULL,NULL,NULL,NULL,NULL,NULL,NULL,NULL,NULL,NULL,NULL,NULL,NULL,NULL,NULL,NULL,7,NULL,NULL,NULL,NULL,NULL,NULL,6.86
2af37014-378f-4f0b-a1f4-111cd6c2d419,Dayton,12/17/16,NULL,NULL,NULL,NULL,NULL,NULL,NULL,NULL,NULL,NULL,NULL,NULL,NULL,NULL,NULL,NULL,NULL,7,NULL,NULL,NULL,NULL,NULL,NULL,6.86
2af37014-378f-4f0b-a1f4-111cd6c2d419,IUPUI,12/20/16,NULL,NULL,NULL,NULL,NULL,NULL,NULL,NULL,NULL,NULL,NULL,NULL,NULL,NULL,NULL,NULL,NULL,7,NULL,NULL,NULL,NULL,NULL,NULL,6.86
2af37014-378f-4f0b-a1f4-111cd6c2d419,Houston Baptist,12/22/16,NULL,NULL,NULL,NULL,NULL,NULL,NULL,NULL,NULL,NULL,NULL,NULL,NULL,NULL,NULL,NULL,NULL,7,NULL,NULL,NULL,NULL,NULL,NULL,6.86
2af37014-378f-4f0b-a1f4-111cd6c2d419,Penn State,12/27/16,NULL,NULL,NULL,NULL,NULL,NULL,NULL,NULL,NULL,NULL,NULL,NULL,NULL,NULL,NULL,NULL,NULL,7,NULL,NULL,NULL,NULL,NULL,NULL,6.86
2af37014-378f-4f0b-a1f4-111cd6c2d419,Michigan State,12/30/16,NULL,NULL,NULL,NULL,NULL,NULL,NULL,NULL,NULL,NULL,NULL,NULL,NULL,NULL,NULL,NULL,NULL,7,NULL,NULL,NULL,NULL,NULL,NULL,6.86
2af37014-378f-4f0b-a1f4-111cd6c2d419,Minnesota,1/5/17,NULL,32,4,6,0.67,0,0,0,1,2,0.5,5,8,0.63,NULL,NULL,8,7.13,0,2,0,1,1,9,7.13
2af37014-378f-4f0b-a1f4-111cd6c2d419,Nebraska,1/8/17,NULL,32,6,8,0.75,0,0,0,1,2,0.5,7,10,0.7,NULL,NULL,5,6.89,2,1,1,1,1,13,7.78
2af37014-378f-4f0b-a1f4-111cd6c2d419,Rutgers,1/12/17,NULL,32,4,7,0.57,0,0,0,0,0,0,4,7,0.57,NULL,NULL,11,7.3,2,1,1,8,0,8,7.8
2af37014-378f-4f0b-a1f4-111cd6c2d419,Iowa,1/15/17,NULL,32,7,12,0.58,0,0,0,0,2,0,7,14,0.5,NULL,NULL,9,7.45,3,2,1,2,2,14,8.36
2af37014-378f-4f0b-a1f4-111cd6c2d419,Ohio State,1/22/17,NULL,32,1,7,0.14,0,0,0,0,0,0,1,7,0.14,NULL,NULL,8,7.5,4,4,2,2,0,2,7.83
2af37014-378f-4f0b-a1f4-111cd6c2d419,Nebraska,1/26/17,NULL,34,8,11,0.73,0,0,0,3,6,0.5,11,17,0.65,NULL,NULL,22,8.62,1,0,1,3,1,19,8.69
2af37014-378f-4f0b-a1f4-111cd6c2d419,Indiana,1/29/17,NULL,24,0,0,0,0,0,0,0,0,0,0,0,NULL,NULL,NULL,7,8.5,3,0,0,3,0,0,8.07
2af37014-378f-4f0b-a1f4-111cd6c2d419,Purdue,2/1/17,NULL,29,3,7,0.43,0,0,0,0,1,0,3,8,0.38,NULL,NULL,3,8.13,4,1,0,1,3,6,7.93
2af37014-378f-4f0b-a1f4-111cd6c2d419,Illinois,2/7/17,NULL,35,2,5,0.4,0,0,0,2,2,1,4,7,0.57,NULL,NULL,6,8,0,2,2,0,0,6,7.81
2af37014-378f-4f0b-a1f4-111cd6c2d419,Wisconsin,2/12/17,NULL,35,5,7,0.71,0,0,0,1,2,0.5,6,9,0.67,NULL,NULL,8,8,4,1,1,1,2,11,8
2af37014-378f-4f0b-a1f4-111cd6c2d419,Maryland,2/15/17,NULL,33,5,6,0.83,0,0,0,1,6,0.17,6,12,0.5,NULL,NULL,6,7.89,3,0,2,2,2,11,8.17
2af37014-378f-4f0b-a1f4-111cd6c2d419,Rutgers,2/18/17,NULL,36,5,7,0.71,0,0,0,2,3,0.67,7,10,0.7,NULL,NULL,8,7.89,1,2,1,1,1,12,8.37
2af37014-378f-4f0b-a1f4-111cd6c2d419,Illinois,2/21/17,NULL,32,3,3,1,0,0,0,0,0,0,3,3,1,NULL,NULL,12,8.1,2,1,2,0,0,6,8.25
2af37014-378f-4f0b-a1f4-111cd6c2d419,Indiana,2/25/17,NULL,35,4,10,0.4,0,0,0,4,7,0.57,8,17,0.47,NULL,NULL,10,8.19,3,0,1,2,1,12,8.43
2af37014-378f-4f0b-a1f4-111cd6c2d419,Michigan,3/1/17,NULL,25,4,5,0.8,0,0,0,1,4,0.25,5,9,0.56,NULL,NULL,8,8.18,3,3,1,2,0,9,8.45
2af37014-378f-4f0b-a1f4-111cd6c2d419,Purdue,3/5/17,NULL,34,5,6,0.83,0,0,0,1,2,0.5,6,8,0.75,NULL,NULL,4,8,3,4,0,0,0,11,8.57
2af37014-378f-4f0b-a1f4-111cd6c2d419,Rutgers,3/9/17,NULL,29,5,6,0.83,0,0,0,3,4,0.75,8,10,0.8,NULL,NULL,8,8,2,0,1,1,1,13,8.75
2af37014-378f-4f0b-a1f4-111cd6c2d419,Maryland,3/10/17,NULL,32,2,3,0.67,0,0,0,0,1,0,2,4,0.5,NULL,NULL,8,8,5,0,4,1,0,4,8.56
2af37014-378f-4f0b-a1f4-111cd6c2d419,Wisconsin,3/11/17,NULL,32,3,7,0.43,0,0,0,1,1,1,4,8,0.5,NULL,NULL,7,7.96,2,0,1,0,0,7,8.5
2af37014-378f-4f0b-a1f4-111cd6c2d419,Total,NULL,NULL,797,95,156,0.61,0,0,0,31,60,0.52,126,216,0.58,NULL,NULL,207,7.96,67,31,25,49,18,221,8.5
1e70319e-9b7d-4a9e-b8e5-512290a6b251,Miss Valley St,11/11/16,NULL,NULL,NULL,NULL,NULL,NULL,NULL,NULL,NULL,NULL,NULL,NULL,NULL,NULL,NULL,NULL,NULL,NULL,NULL,NULL,NULL,NULL,NULL,NULL,0
1e70319e-9b7d-4a9e-b8e5-512290a6b251,E Washington,11/14/16,NULL,NULL,NULL,NULL,NULL,NULL,NULL,NULL,NULL,NULL,NULL,NULL,NULL,NULL,NULL,NULL,NULL,NULL,NULL,NULL,NULL,NULL,NULL,NULL,0
1e70319e-9b7d-4a9e-b8e5-512290a6b251,Butler,11/16/16,NULL,NULL,NULL,NULL,NULL,NULL,NULL,NULL,NULL,NULL,NULL,NULL,NULL,NULL,NULL,NULL,NULL,NULL,NULL,NULL,NULL,NULL,NULL,NULL,0
1e70319e-9b7d-4a9e-b8e5-512290a6b251,Texas,11/21/16,NULL,NULL,NULL,NULL,NULL,NULL,NULL,NULL,NULL,NULL,NULL,NULL,NULL,NULL,NULL,NULL,NULL,NULL,NULL,NULL,NULL,NULL,NULL,NULL,0
1e70319e-9b7d-4a9e-b8e5-512290a6b251,Notre Dame,11/22/16,NULL,NULL,NULL,NULL,NULL,NULL,NULL,NULL,NULL,NULL,NULL,NULL,NULL,NULL,NULL,NULL,NULL,NULL,NULL,NULL,NULL,NULL,NULL,NULL,0
1e70319e-9b7d-4a9e-b8e5-512290a6b251,Bryant,11/25/16,NULL,1,0,1,0,0,1,0,0,0,0,0,2,0,NULL,NULL,0,0,0,0,0,0,0,0,0
1e70319e-9b7d-4a9e-b8e5-512290a6b251,Wake Forest,11/28/16,NULL,NULL,NULL,NULL,NULL,NULL,NULL,NULL,NULL,NULL,NULL,NULL,NULL,NULL,NULL,NULL,NULL,0,NULL,NULL,NULL,NULL,NULL,NULL,0
1e70319e-9b7d-4a9e-b8e5-512290a6b251,Depaul,12/3/16,NULL,NULL,NULL,NULL,NULL,NULL,NULL,NULL,NULL,NULL,NULL,NULL,NULL,NULL,NULL,NULL,NULL,0,NULL,NULL,NULL,NULL,NULL,NULL,0
1e70319e-9b7d-4a9e-b8e5-512290a6b251,New Orleans,12/11/16,NULL,3,0,0,0,0,0,0,0,0,0,0,0,NULL,NULL,NULL,0,0,0,0,0,0,0,0,0
1e70319e-9b7d-4a9e-b8e5-512290a6b251,Chicago State,12/14/16,NULL,NULL,NULL,NULL,NULL,NULL,NULL,NULL,NULL,NULL,NULL,NULL,NULL,NULL,NULL,NULL,NULL,0,NULL,NULL,NULL,NULL,NULL,NULL,0
1e70319e-9b7d-4a9e-b8e5-512290a6b251,Dayton,12/17/16,NULL,NULL,NULL,NULL,NULL,NULL,NULL,NULL,NULL,NULL,NULL,NULL,NULL,NULL,NULL,NULL,NULL,0,NULL,NULL,NULL,NULL,NULL,NULL,0
1e70319e-9b7d-4a9e-b8e5-512290a6b251,IUPUI,12/20/16,NULL,1,0,0,0,0,0,0,0,0,0,0,0,NULL,NULL,NULL,1,0.33,0,0,0,0,0,0,0
1e70319e-9b7d-4a9e-b8e5-512290a6b251,Houston Baptist,12/22/16,NULL,NULL,NULL,NULL,NULL,NULL,NULL,NULL,NULL,NULL,NULL,NULL,NULL,NULL,NULL,NULL,NULL,0.33,NULL,NULL,NULL,NULL,NULL,NULL,0
1e70319e-9b7d-4a9e-b8e5-512290a6b251,Penn State,12/27/16,NULL,NULL,NULL,NULL,NULL,NULL,NULL,NULL,NULL,NULL,NULL,NULL,NULL,NULL,NULL,NULL,NULL,0.33,NULL,NULL,NULL,NULL,NULL,NULL,0
1e70319e-9b7d-4a9e-b8e5-512290a6b251,Michigan State,12/30/16,NULL,NULL,NULL,NULL,NULL,NULL,NULL,NULL,NULL,NULL,NULL,NULL,NULL,NULL,NULL,NULL,NULL,0.33,NULL,NULL,NULL,NULL,NULL,NULL,0
1e70319e-9b7d-4a9e-b8e5-512290a6b251,Minnesota,1/5/17,NULL,NULL,NULL,NULL,NULL,NULL,NULL,NULL,NULL,NULL,NULL,NULL,NULL,NULL,NULL,NULL,NULL,0.33,NULL,NULL,NULL,NULL,NULL,NULL,0
1e70319e-9b7d-4a9e-b8e5-512290a6b251,Nebraska,1/8/17,NULL,NULL,NULL,NULL,NULL,NULL,NULL,NULL,NULL,NULL,NULL,NULL,NULL,NULL,NULL,NULL,NULL,0.33,NULL,NULL,NULL,NULL,NULL,NULL,0
1e70319e-9b7d-4a9e-b8e5-512290a6b251,Rutgers,1/12/17,NULL,NULL,NULL,NULL,NULL,NULL,NULL,NULL,NULL,NULL,NULL,NULL,NULL,NULL,NULL,NULL,NULL,0.33,NULL,NULL,NULL,NULL,NULL,NULL,0
1e70319e-9b7d-4a9e-b8e5-512290a6b251,Iowa,1/15/17,NULL,1,0,1,0,0,1,0,0,0,0,0,2,0,NULL,NULL,1,0.5,0,0,0,0,0,0,0
1e70319e-9b7d-4a9e-b8e5-512290a6b251,Ohio State,1/22/17,NULL,NULL,NULL,NULL,NULL,NULL,NULL,NULL,NULL,NULL,NULL,NULL,NULL,NULL,NULL,NULL,NULL,0.5,NULL,NULL,NULL,NULL,NULL,NULL,0
1e70319e-9b7d-4a9e-b8e5-512290a6b251,Nebraska,1/26/17,NULL,NULL,NULL,NULL,NULL,NULL,NULL,NULL,NULL,NULL,NULL,NULL,NULL,NULL,NULL,NULL,NULL,0.5,NULL,NULL,NULL,NULL,NULL,NULL,0
1e70319e-9b7d-4a9e-b8e5-512290a6b251,Indiana,1/29/17,NULL,NULL,NULL,NULL,NULL,NULL,NULL,NULL,NULL,NULL,NULL,NULL,NULL,NULL,NULL,NULL,NULL,0.5,NULL,NULL,NULL,NULL,NULL,NULL,0
1e70319e-9b7d-4a9e-b8e5-512290a6b251,Purdue,2/1/17,NULL,1,0,0,0,0,0,0,0,0,0,0,0,NULL,NULL,NULL,0,0.4,0,0,0,0,0,0,0
1e70319e-9b7d-4a9e-b8e5-512290a6b251,Illinois,2/7/17,NULL,NULL,NULL,NULL,NULL,NULL,NULL,NULL,NULL,NULL,NULL,NULL,NULL,NULL,NULL,NULL,NULL,0.4,NULL,NULL,NULL,NULL,NULL,NULL,0
1e70319e-9b7d-4a9e-b8e5-512290a6b251,Wisconsin,2/12/17,NULL,NULL,NULL,NULL,NULL,NULL,NULL,NULL,NULL,NULL,NULL,NULL,NULL,NULL,NULL,NULL,NULL,0.4,NULL,NULL,NULL,NULL,NULL,NULL,0
1e70319e-9b7d-4a9e-b8e5-512290a6b251,Maryland,2/15/17,NULL,NULL,NULL,NULL,NULL,NULL,NULL,NULL,NULL,NULL,NULL,NULL,NULL,NULL,NULL,NULL,NULL,0.4,NULL,NULL,NULL,NULL,NULL,NULL,0
1e70319e-9b7d-4a9e-b8e5-512290a6b251,Rutgers,2/18/17,NULL,NULL,NULL,NULL,NULL,NULL,NULL,NULL,NULL,NULL,NULL,NULL,NULL,NULL,NULL,NULL,NULL,0.4,NULL,NULL,NULL,NULL,NULL,NULL,0
1e70319e-9b7d-4a9e-b8e5-512290a6b251,Illinois,2/21/17,NULL,NULL,NULL,NULL,NULL,NULL,NULL,NULL,NULL,NULL,NULL,NULL,NULL,NULL,NULL,NULL,NULL,0.4,NULL,NULL,NULL,NULL,NULL,NULL,0
1e70319e-9b7d-4a9e-b8e5-512290a6b251,Indiana,2/25/17,NULL,NULL,NULL,NULL,NULL,NULL,NULL,NULL,NULL,NULL,NULL,NULL,NULL,NULL,NULL,NULL,NULL,0.4,NULL,NULL,NULL,NULL,NULL,NULL,0
1e70319e-9b7d-4a9e-b8e5-512290a6b251,Michigan,3/1/17,NULL,NULL,NULL,NULL,NULL,NULL,NULL,NULL,NULL,NULL,NULL,NULL,NULL,NULL,NULL,NULL,NULL,0.4,NULL,NULL,NULL,NULL,NULL,NULL,0
1e70319e-9b7d-4a9e-b8e5-512290a6b251,Purdue,3/5/17,NULL,NULL,NULL,NULL,NULL,NULL,NULL,NULL,NULL,NULL,NULL,NULL,NULL,NULL,NULL,NULL,NULL,0.4,NULL,NULL,NULL,NULL,NULL,NULL,0
1e70319e-9b7d-4a9e-b8e5-512290a6b251,Rutgers,3/9/17,NULL,1,0,0,0,0,0,0,0,0,0,0,0,NULL,NULL,NULL,2,0.67,0,0,0,0,0,0,0
1e70319e-9b7d-4a9e-b8e5-512290a6b251,Maryland,3/10/17,NULL,NULL,NULL,NULL,NULL,NULL,NULL,NULL,NULL,NULL,NULL,NULL,NULL,NULL,NULL,NULL,NULL,0.67,NULL,NULL,NULL,NULL,NULL,NULL,0
1e70319e-9b7d-4a9e-b8e5-512290a6b251,Wisconsin,3/11/17,NULL,NULL,NULL,NULL,NULL,NULL,NULL,NULL,NULL,NULL,NULL,NULL,NULL,NULL,NULL,NULL,NULL,0.67,NULL,NULL,NULL,NULL,NULL,NULL,0
1e70319e-9b7d-4a9e-b8e5-512290a6b251,Total,NULL,NULL,8,0,2,0,0,2,0,0,0,NULL,0,4,0,NULL,NULL,4,0.67,0,0,0,0,0,0,0
6e1aea46-edef-4450-b029-5fa73912bb00,Miss Valley St,11/11/16,NULL,12,2,4,0.5,1,3,0.33,0,1,0,3,8,0.38,NULL,NULL,4,4,3,0,0,0,0,5,5
6e1aea46-edef-4450-b029-5fa73912bb00,E Washington,11/14/16,NULL,1,0,0,0,0,0,0,0,0,0,0,0,NULL,NULL,NULL,0,2,1,0,0,0,0,0,2.5
6e1aea46-edef-4450-b029-5fa73912bb00,Butler,11/16/16,NULL,2,0,0,0,0,0,0,0,0,0,0,0,NULL,NULL,NULL,1,1.67,0,0,0,1,0,0,1.67
6e1aea46-edef-4450-b029-5fa73912bb00,Texas,11/21/16,NULL,16,1,2,0.5,1,2,0.5,0,0,0,2,4,0.5,NULL,NULL,4,2.25,1,1,0,0,0,3,2
6e1aea46-edef-4450-b029-5fa73912bb00,Notre Dame,11/22/16,NULL,21,4,6,0.67,4,5,0.8,0,0,0,8,11,0.73,NULL,NULL,5,2.8,1,1,2,0,0,12,4
6e1aea46-edef-4450-b029-5fa73912bb00,Bryant,11/25/16,NULL,7,1,2,0.5,1,2,0.5,0,0,0,2,4,0.5,NULL,NULL,0,2.33,1,0,0,0,1,3,3.83
6e1aea46-edef-4450-b029-5fa73912bb00,Wake Forest,11/28/16,NULL,5,0,1,0,0,1,0,0,0,0,0,2,0,NULL,NULL,1,2.14,0,1,1,0,0,0,3.29
6e1aea46-edef-4450-b029-5fa73912bb00,Depaul,12/3/16,NULL,7,1,2,0.5,1,2,0.5,3,4,0.75,5,8,0.63,NULL,NULL,0,1.88,5,1,1,0,0,6,3.63
6e1aea46-edef-4450-b029-5fa73912bb00,New Orleans,12/11/16,NULL,22,7,11,0.64,3,7,0.43,1,2,0.5,11,20,0.55,NULL,NULL,6,2.33,3,0,0,0,1,18,5.22
6e1aea46-edef-4450-b029-5fa73912bb00,Chicago State,12/14/16,NULL,11,1,2,0.5,1,2,0.5,0,0,0,2,4,0.5,NULL,NULL,0,2.1,0,0,0,0,0,3,5
6e1aea46-edef-4450-b029-5fa73912bb00,Dayton,12/17/16,NULL,12,4,5,0.8,3,4,0.75,0,0,0,7,9,0.78,NULL,NULL,3,2.18,2,1,0,0,0,11,5.55
6e1aea46-edef-4450-b029-5fa73912bb00,IUPUI,12/20/16,NULL,18,3,7,0.43,2,6,0.33,4,4,1,9,17,0.53,NULL,NULL,4,2.33,0,3,0,1,0,12,6.08
6e1aea46-edef-4450-b029-5fa73912bb00,Houston Baptist,12/22/16,NULL,9,0,2,0,0,1,0,0,0,0,0,3,0,NULL,NULL,1,2.23,1,0,1,1,0,0,5.62
6e1aea46-edef-4450-b029-5fa73912bb00,Penn State,12/27/16,NULL,13,1,4,0.25,1,4,0.25,0,0,0,2,8,0.25,NULL,NULL,2,2.21,2,0,1,0,0,3,5.43
6e1aea46-edef-4450-b029-5fa73912bb00,Michigan State,12/30/16,NULL,21,3,5,0.6,2,4,0.5,0,0,0,5,9,0.56,NULL,NULL,2,2.2,2,2,1,1,1,8,5.6
6e1aea46-edef-4450-b029-5fa73912bb00,Minnesota,1/5/17,NULL,15,2,3,0.67,1,1,1,0,0,0,3,4,0.75,NULL,NULL,0,2.06,0,1,1,0,0,5,5.56
6e1aea46-edef-4450-b029-5fa73912bb00,Nebraska,1/8/17,NULL,11,1,1,1,1,1,1,0,0,0,2,2,1,NULL,NULL,2,2.06,2,1,0,0,0,3,5.41
6e1aea46-edef-4450-b029-5fa73912bb00,Rutgers,1/12/17,NULL,7,0,1,0,0,1,0,2,2,1,2,4,0.5,NULL,NULL,1,2,3,0,0,0,0,2,5.22
6e1aea46-edef-4450-b029-5fa73912bb00,Iowa,1/15/17,NULL,11,0,3,0,0,3,0,0,0,0,0,6,0,NULL,NULL,1,1.95,2,1,0,0,0,0,4.95
6e1aea46-edef-4450-b029-5fa73912bb00,Ohio State,1/22/17,NULL,5,0,0,0,0,0,0,0,0,0,0,0,NULL,NULL,NULL,1,1.9,0,0,0,0,0,0,4.7
6e1aea46-edef-4450-b029-5fa73912bb00,Nebraska,1/26/17,NULL,4,0,0,0,0,0,0,0,0,0,0,0,NULL,NULL,NULL,0,1.81,0,0,1,0,0,0,4.48
6e1aea46-edef-4450-b029-5fa73912bb00,Indiana,1/29/17,NULL,7,2,3,0.67,1,2,0.5,0,0,0,3,5,0.6,NULL,NULL,0,1.73,0,0,0,0,0,5,4.5
6e1aea46-edef-4450-b029-5fa73912bb00,Purdue,2/1/17,NULL,NULL,NULL,NULL,NULL,NULL,NULL,NULL,NULL,NULL,NULL,NULL,NULL,NULL,NULL,NULL,NULL,1.73,NULL,NULL,NULL,NULL,NULL,NULL,4.5
6e1aea46-edef-4450-b029-5fa73912bb00,Illinois,2/7/17,NULL,17,1,5,0.2,1,3,0.33,2,2,1,4,10,0.4,NULL,NULL,1,1.7,4,0,0,0,0,5,4.52
6e1aea46-edef-4450-b029-5fa73912bb00,Wisconsin,2/12/17,NULL,15,2,5,0.4,2,4,0.5,0,0,0,4,9,0.44,NULL,NULL,0,1.63,0,0,0,0,0,6,4.58
6e1aea46-edef-4450-b029-5fa73912bb00,Maryland,2/15/17,NULL,23,2,5,0.4,2,5,0.4,0,0,0,4,10,0.4,NULL,NULL,4,1.72,0,1,1,0,0,6,4.64
6e1aea46-edef-4450-b029-5fa73912bb00,Rutgers,2/18/17,NULL,14,3,6,0.5,2,4,0.5,0,0,0,5,10,0.5,NULL,NULL,2,1.73,0,1,0,2,0,8,4.77
6e1aea46-edef-4450-b029-5fa73912bb00,Illinois,2/21/17,NULL,14,1,2,0.5,1,2,0.5,0,0,0,2,4,0.5,NULL,NULL,0,1.67,1,0,1,0,0,3,4.7
6e1aea46-edef-4450-b029-5fa73912bb00,Indiana,2/25/17,NULL,6,0,1,0,0,0,0,0,0,0,0,1,0,NULL,NULL,0,1.61,1,1,0,1,0,0,4.54
6e1aea46-edef-4450-b029-5fa73912bb00,Michigan,3/1/17,NULL,13,2,5,0.4,1,2,0.5,1,1,1,4,8,0.5,NULL,NULL,1,1.59,0,3,0,0,1,6,4.59
6e1aea46-edef-4450-b029-5fa73912bb00,Purdue,3/5/17,NULL,18,1,4,0.25,0,2,0,0,0,0,1,6,0.17,NULL,NULL,2,1.6,3,1,0,0,0,2,4.5
6e1aea46-edef-4450-b029-5fa73912bb00,Rutgers,3/9/17,NULL,19,2,6,0.33,2,5,0.4,0,0,0,4,11,0.36,NULL,NULL,1,1.58,0,2,0,0,0,6,4.55
6e1aea46-edef-4450-b029-5fa73912bb00,Maryland,3/10/17,NULL,13,1,1,1,1,1,1,0,0,0,2,2,1,NULL,NULL,0,1.53,0,0,2,0,1,3,4.5
6e1aea46-edef-4450-b029-5fa73912bb00,Wisconsin,3/11/17,NULL,17,1,2,0.5,1,1,1,0,0,0,2,3,0.67,NULL,NULL,1,1.52,2,1,1,0,0,3,4.45
6e1aea46-edef-4450-b029-5fa73912bb00,Total,NULL,NULL,406,49,106,0.46,36,80,0.45,13,16,0.81,98,202,0.49,NULL,NULL,50,1.52,40,23,14,7,5,147,4.45
0c25034b-847c-44f5-b0cd-6a419ddd47ce,Miss Valley St,11/11/16,NULL,18,3,8,0.38,0,1,0,5,6,0.83,8,15,0.53,NULL,NULL,3,3,3,4,3,0,1,11,11
0c25034b-847c-44f5-b0cd-6a419ddd47ce,E Washington,11/14/16,NULL,19,3,10,0.3,1,4,0.25,4,4,1,8,18,0.44,NULL,NULL,2,2.5,0,1,1,0,2,11,11
0c25034b-847c-44f5-b0cd-6a419ddd47ce,Butler,11/16/16,NULL,12,3,7,0.43,1,4,0.25,0,0,0,4,11,0.36,NULL,NULL,1,2,2,1,2,0,0,7,9.67
0c25034b-847c-44f5-b0cd-6a419ddd47ce,Texas,11/21/16,NULL,20,4,8,0.5,2,5,0.4,0,0,0,6,13,0.46,NULL,NULL,1,1.75,4,1,3,0,0,10,9.75
0c25034b-847c-44f5-b0cd-6a419ddd47ce,Notre Dame,11/22/16,NULL,12,0,1,0,0,0,0,4,4,1,4,5,0.8,NULL,NULL,2,1.8,3,0,1,0,0,4,8.6
0c25034b-847c-44f5-b0cd-6a419ddd47ce,Bryant,11/25/16,NULL,18,2,6,0.33,1,1,1,3,4,0.75,6,11,0.55,NULL,NULL,2,1.83,1,3,2,0,2,8,8.5
0c25034b-847c-44f5-b0cd-6a419ddd47ce,Wake Forest,11/28/16,NULL,7,0,4,0,0,1,0,0,0,0,0,5,0,NULL,NULL,0,1.57,0,1,1,0,0,0,7.29
0c25034b-847c-44f5-b0cd-6a419ddd47ce,Depaul,12/3/16,NULL,15,0,7,0,0,1,0,4,5,0.8,4,13,0.31,NULL,NULL,0,1.38,5,1,1,1,0,4,6.88
0c25034b-847c-44f5-b0cd-6a419ddd47ce,New Orleans,12/11/16,NULL,22,3,11,0.27,1,3,0.33,2,4,0.5,6,18,0.33,NULL,NULL,0,1.22,3,3,2,1,0,9,7.11
0c25034b-847c-44f5-b0cd-6a419ddd47ce,Chicago State,12/14/16,NULL,9,0,5,0,0,1,0,0,0,0,0,6,0,NULL,NULL,1,1.2,0,1,0,0,1,0,6.4
0c25034b-847c-44f5-b0cd-6a419ddd47ce,Dayton,12/17/16,NULL,20,2,8,0.25,1,4,0.25,3,4,0.75,6,16,0.38,NULL,NULL,1,1.18,1,2,0,2,1,8,6.55
0c25034b-847c-44f5-b0cd-6a419ddd47ce,IUPUI,12/20/16,NULL,29,5,10,0.5,3,7,0.43,2,2,1,10,19,0.53,NULL,NULL,0,1.08,1,4,2,0,1,15,7.25
0c25034b-847c-44f5-b0cd-6a419ddd47ce,Houston Baptist,12/22/16,NULL,19,3,7,0.43,1,2,0.5,5,8,0.63,9,17,0.53,NULL,NULL,2,1.15,2,1,1,0,2,12,7.62
0c25034b-847c-44f5-b0cd-6a419ddd47ce,Penn State,12/27/16,NULL,16,2,9,0.22,1,4,0.25,4,4,1,7,17,0.41,NULL,NULL,0,1.07,2,0,0,1,0,9,7.71
0c25034b-847c-44f5-b0cd-6a419ddd47ce,Michigan State,12/30/16,NULL,12,1,4,0.25,0,1,0,1,3,0.33,2,8,0.25,NULL,NULL,0,1,0,1,1,0,0,3,7.4
0c25034b-847c-44f5-b0cd-6a419ddd47ce,Minnesota,1/5/17,NULL,2,0,0,0,0,0,0,0,0,0,0,0,NULL,NULL,NULL,0,0.94,0,0,2,0,0,0,6.94
0c25034b-847c-44f5-b0cd-6a419ddd47ce,Nebraska,1/8/17,NULL,6,0,0,0,0,0,0,2,2,1,2,2,1,NULL,NULL,0,0.88,0,1,0,0,0,2,6.65
0c25034b-847c-44f5-b0cd-6a419ddd47ce,Rutgers,1/12/17,NULL,14,4,9,0.44,1,2,0.5,2,2,1,7,13,0.54,NULL,NULL,2,0.94,2,0,2,0,1,11,6.89
0c25034b-847c-44f5-b0cd-6a419ddd47ce,Iowa,1/15/17,NULL,16,3,5,0.6,1,2,0.5,0,0,0,4,7,0.57,NULL,NULL,2,1,3,1,2,0,1,7,6.89
0c25034b-847c-44f5-b0cd-6a419ddd47ce,Ohio State,1/22/17,NULL,16,3,7,0.43,0,1,0,1,2,0.5,4,10,0.4,NULL,NULL,2,1.05,1,3,0,1,1,7,6.9
0c25034b-847c-44f5-b0cd-6a419ddd47ce,Nebraska,1/26/17,NULL,17,4,10,0.4,1,4,0.25,1,2,0.5,6,16,0.38,NULL,NULL,0,1,4,1,1,0,0,10,7.05
0c25034b-847c-44f5-b0cd-6a419ddd47ce,Indiana,1/29/17,NULL,9,0,3,0,0,1,0,2,2,1,2,6,0.33,NULL,NULL,1,1,0,0,0,0,1,2,6.82
0c25034b-847c-44f5-b0cd-6a419ddd47ce,Purdue,2/1/17,NULL,34,4,14,0.29,0,3,0,3,4,0.75,7,21,0.33,NULL,NULL,4,1.13,3,1,2,0,1,11,7
0c25034b-847c-44f5-b0cd-6a419ddd47ce,Illinois,2/7/17,NULL,18,2,5,0.4,0,0,0,1,2,0.5,3,7,0.43,NULL,NULL,2,1.17,4,2,3,0,0,5,6.92
0c25034b-847c-44f5-b0cd-6a419ddd47ce,Wisconsin,2/12/17,NULL,25,2,2,1,0,0,0,0,1,0,2,3,0.67,NULL,NULL,1,1.16,2,1,0,0,1,4,6.8
0c25034b-847c-44f5-b0cd-6a419ddd47ce,Maryland,2/15/17,NULL,26,6,15,0.4,2,6,0.33,5,6,0.83,13,27,0.48,NULL,NULL,4,1.27,3,1,2,1,2,19,7.27
0c25034b-847c-44f5-b0cd-6a419ddd47ce,Rutgers,2/18/17,NULL,13,0,2,0,0,1,0,4,4,1,4,7,0.57,NULL,NULL,2,1.3,0,2,0,0,0,4,7.15
0c25034b-847c-44f5-b0cd-6a419ddd47ce,Illinois,2/21/17,NULL,25,4,14,0.29,1,3,0.33,0,0,0,5,17,0.29,NULL,NULL,0,1.25,4,0,2,0,0,9,7.21
0c25034b-847c-44f5-b0cd-6a419ddd47ce,Indiana,2/25/17,NULL,6,1,2,0.5,0,1,0,0,0,0,1,3,0.33,NULL,NULL,1,1.24,1,0,0,0,0,2,7.03
0c25034b-847c-44f5-b0cd-6a419ddd47ce,Michigan,3/1/17,NULL,NULL,NULL,NULL,NULL,NULL,NULL,NULL,NULL,NULL,NULL,NULL,NULL,NULL,NULL,NULL,NULL,1.24,NULL,NULL,NULL,NULL,NULL,NULL,7.03
0c25034b-847c-44f5-b0cd-6a419ddd47ce,Purdue,3/5/17,NULL,2,0,1,0,0,0,0,0,0,0,0,1,0,NULL,NULL,1,1.23,1,0,0,0,0,0,6.8
0c25034b-847c-44f5-b0cd-6a419ddd47ce,Rutgers,3/9/17,NULL,8,1,2,0.5,1,1,1,2,2,1,4,5,0.8,NULL,NULL,0,1.19,1,1,0,0,0,5,6.74
0c25034b-847c-44f5-b0cd-6a419ddd47ce,Maryland,3/10/17,NULL,14,3,6,0.5,0,1,0,1,1,1,4,8,0.5,NULL,NULL,3,1.25,1,2,0,0,1,7,6.75
0c25034b-847c-44f5-b0cd-6a419ddd47ce,Wisconsin,3/11/17,NULL,8,1,4,0.25,0,0,0,2,2,1,3,6,0.5,NULL,NULL,1,1.24,0,1,1,0,0,4,6.67
0c25034b-847c-44f5-b0cd-6a419ddd47ce,Total,NULL,NULL,507,69,206,0.33,19,65,0.29,63,80,0.79,151,351,0.43,NULL,NULL,41,1.24,57,41,37,7,19,220,6.67
dcc452c9-253d-4427-8f11-6fc89cfcd197,Miss Valley St,11/11/16,NULL,29,6,13,0.46,3,6,0.5,2,2,1,11,21,0.52,NULL,NULL,5,5,2,2,1,1,0,17,17
dcc452c9-253d-4427-8f11-6fc89cfcd197,E Washington,11/14/16,NULL,33,4,11,0.36,0,2,0,4,4,1,8,17,0.47,NULL,NULL,6,5.5,2,6,1,0,2,12,14.5
dcc452c9-253d-4427-8f11-6fc89cfcd197,Butler,11/16/16,NULL,32,4,12,0.33,1,4,0.25,1,1,1,6,17,0.35,NULL,NULL,7,6,1,3,3,0,0,10,13
dcc452c9-253d-4427-8f11-6fc89cfcd197,Texas,11/21/16,NULL,29,6,12,0.5,3,7,0.43,1,1,1,10,20,0.5,NULL,NULL,4,5.5,0,1,4,1,1,16,13.75
dcc452c9-253d-4427-8f11-6fc89cfcd197,Notre Dame,11/22/16,NULL,28,6,8,0.75,3,3,1,3,4,0.75,12,15,0.8,NULL,NULL,4,5.2,3,3,1,0,0,18,14.6
dcc452c9-253d-4427-8f11-6fc89cfcd197,Bryant,11/25/16,NULL,25,7,11,0.64,3,5,0.6,3,3,1,13,19,0.68,NULL,NULL,4,5,3,6,0,2,2,20,15.5
dcc452c9-253d-4427-8f11-6fc89cfcd197,Wake Forest,11/28/16,NULL,31,5,14,0.36,2,8,0.25,0,0,0,7,22,0.32,NULL,NULL,4,4.86,3,4,0,0,1,12,15
dcc452c9-253d-4427-8f11-6fc89cfcd197,Depaul,12/3/16,NULL,34,7,16,0.44,5,8,0.63,0,0,0,12,24,0.5,NULL,NULL,6,5,1,7,2,0,2,19,15.5
dcc452c9-253d-4427-8f11-6fc89cfcd197,New Orleans,12/11/16,NULL,32,6,9,0.67,2,4,0.5,2,2,1,10,15,0.67,NULL,NULL,1,4.56,2,1,2,0,0,16,15.56
dcc452c9-253d-4427-8f11-6fc89cfcd197,Chicago State,12/14/16,NULL,31,6,12,0.5,1,5,0.2,0,1,0,7,18,0.39,NULL,NULL,6,4.7,4,4,1,1,1,13,15.3
dcc452c9-253d-4427-8f11-6fc89cfcd197,Dayton,12/17/16,NULL,30,3,7,0.43,2,4,0.5,3,4,0.75,8,15,0.53,NULL,NULL,4,4.64,2,0,3,0,2,11,14.91
dcc452c9-253d-4427-8f11-6fc89cfcd197,IUPUI,12/20/16,NULL,27,4,11,0.36,0,3,0,3,3,1,7,17,0.41,NULL,NULL,0,4.25,3,3,0,0,0,11,14.58
dcc452c9-253d-4427-8f11-6fc89cfcd197,Houston Baptist,12/22/16,NULL,35,7,22,0.32,2,10,0.2,3,3,1,12,35,0.34,NULL,NULL,5,4.31,1,1,1,0,1,19,14.92
dcc452c9-253d-4427-8f11-6fc89cfcd197,Penn State,12/27/16,NULL,35,9,14,0.64,5,8,0.63,8,9,0.89,22,31,0.71,NULL,NULL,5,4.36,4,2,2,1,1,31,16.07
dcc452c9-253d-4427-8f11-6fc89cfcd197,Michigan State,12/30/16,NULL,36,3,11,0.27,3,6,0.5,2,2,1,8,19,0.42,NULL,NULL,3,4.27,1,0,3,0,2,11,15.73
dcc452c9-253d-4427-8f11-6fc89cfcd197,Minnesota,1/5/17,NULL,30,4,12,0.33,0,5,0,2,2,1,6,19,0.32,NULL,NULL,2,4.13,3,4,0,0,2,10,15.38
dcc452c9-253d-4427-8f11-6fc89cfcd197,Nebraska,1/8/17,NULL,33,6,12,0.5,2,7,0.29,5,5,1,13,24,0.54,NULL,NULL,3,4.06,2,1,2,0,2,19,15.59
dcc452c9-253d-4427-8f11-6fc89cfcd197,Rutgers,1/12/17,NULL,32,5,14,0.36,1,7,0.14,3,5,0.6,9,26,0.35,NULL,NULL,7,4.22,3,1,1,0,1,14,15.5
dcc452c9-253d-4427-8f11-6fc89cfcd197,Iowa,1/15/17,NULL,33,8,15,0.53,3,7,0.43,3,3,1,14,25,0.56,NULL,NULL,8,4.42,2,5,1,0,3,22,15.84
dcc452c9-253d-4427-8f11-6fc89cfcd197,Ohio State,1/22/17,NULL,35,7,14,0.5,3,9,0.33,4,6,0.67,14,29,0.48,NULL,NULL,2,4.3,3,0,1,0,1,21,16.1
dcc452c9-253d-4427-8f11-6fc89cfcd197,Nebraska,1/26/17,NULL,30,2,8,0.25,1,3,0.33,0,0,0,3,11,0.27,NULL,NULL,4,4.29,5,1,2,1,0,5,15.57
dcc452c9-253d-4427-8f11-6fc89cfcd197,Indiana,1/29/17,NULL,28,6,14,0.43,0,4,0,0,0,0,6,18,0.33,NULL,NULL,4,4.27,4,1,1,0,0,12,15.41
dcc452c9-253d-4427-8f11-6fc89cfcd197,Purdue,2/1/17,NULL,NULL,NULL,NULL,NULL,NULL,NULL,NULL,NULL,NULL,NULL,NULL,NULL,NULL,NULL,NULL,NULL,4.27,NULL,NULL,NULL,NULL,NULL,NULL,15.41
dcc452c9-253d-4427-8f11-6fc89cfcd197,Illinois,2/7/17,NULL,NULL,NULL,NULL,NULL,NULL,NULL,NULL,NULL,NULL,NULL,NULL,NULL,NULL,NULL,NULL,NULL,4.27,NULL,NULL,NULL,NULL,NULL,NULL,15.41
dcc452c9-253d-4427-8f11-6fc89cfcd197,Wisconsin,2/12/17,NULL,NULL,NULL,NULL,NULL,NULL,NULL,NULL,NULL,NULL,NULL,NULL,NULL,NULL,NULL,NULL,NULL,4.27,NULL,NULL,NULL,NULL,NULL,NULL,15.41
dcc452c9-253d-4427-8f11-6fc89cfcd197,Maryland,2/15/17,NULL,NULL,NULL,NULL,NULL,NULL,NULL,NULL,NULL,NULL,NULL,NULL,NULL,NULL,NULL,NULL,NULL,4.27,NULL,NULL,NULL,NULL,NULL,NULL,15.41
dcc452c9-253d-4427-8f11-6fc89cfcd197,Rutgers,2/18/17,NULL,24,2,8,0.25,1,6,0.17,1,2,0.5,4,16,0.25,NULL,NULL,1,4.13,4,4,1,0,0,6,15
dcc452c9-253d-4427-8f11-6fc89cfcd197,Illinois,2/21/17,NULL,26,1,11,0.09,0,4,0,0,0,0,1,15,0.07,NULL,NULL,2,4.04,2,0,0,0,0,2,14.46
dcc452c9-253d-4427-8f11-6fc89cfcd197,Indiana,2/25/17,NULL,34,6,15,0.4,1,6,0.17,0,0,0,7,21,0.33,NULL,NULL,3,4,1,0,1,0,2,13,14.4
dcc452c9-253d-4427-8f11-6fc89cfcd197,Michigan,3/1/17,NULL,31,2,6,0.33,1,4,0.25,4,5,0.8,7,15,0.47,NULL,NULL,3,3.96,1,3,1,0,0,9,14.19
dcc452c9-253d-4427-8f11-6fc89cfcd197,Purdue,3/5/17,NULL,26,3,11,0.27,2,6,0.33,0,0,0,5,17,0.29,NULL,NULL,4,3.96,3,1,2,1,1,8,13.96
dcc452c9-253d-4427-8f11-6fc89cfcd197,Rutgers,3/9/17,NULL,27,6,12,0.5,2,7,0.29,2,2,1,10,21,0.48,NULL,NULL,4,3.96,0,4,2,0,0,16,14.04
dcc452c9-253d-4427-8f11-6fc89cfcd197,Maryland,3/10/17,NULL,31,7,12,0.58,2,6,0.33,1,2,0.5,10,20,0.5,NULL,NULL,2,3.9,2,1,1,0,1,17,14.14
dcc452c9-253d-4427-8f11-6fc89cfcd197,Wisconsin,3/11/17,NULL,29,5,10,0.5,1,4,0.25,5,6,0.83,11,20,0.55,NULL,NULL,1,3.8,1,0,2,0,0,16,14.2
dcc452c9-253d-4427-8f11-6fc89cfcd197,Total,NULL,NULL,916,153,357,0.43,55,168,0.33,65,77,0.84,273,602,0.45,NULL,NULL,114,3.8,68,69,42,8,28,426,14.2
facc5bd9-2b6a-4d39-b6fe-a3f5a82d9379,Miss Valley St,11/11/16,NULL,4,2,3,0.67,2,2,1,0,0,0,4,5,0.8,NULL,NULL,0,0,0,0,0,0,0,6,6
facc5bd9-2b6a-4d39-b6fe-a3f5a82d9379,E Washington,11/14/16,NULL,NULL,NULL,NULL,NULL,NULL,NULL,NULL,NULL,NULL,NULL,NULL,NULL,NULL,NULL,NULL,NULL,0,NULL,NULL,NULL,NULL,NULL,NULL,6
facc5bd9-2b6a-4d39-b6fe-a3f5a82d9379,Butler,11/16/16,NULL,NULL,NULL,NULL,NULL,NULL,NULL,NULL,NULL,NULL,NULL,NULL,NULL,NULL,NULL,NULL,NULL,0,NULL,NULL,NULL,NULL,NULL,NULL,6
facc5bd9-2b6a-4d39-b6fe-a3f5a82d9379,Texas,11/21/16,NULL,0,0,0,0,0,0,0,0,0,0,0,0,NULL,NULL,NULL,0,0,0,0,0,0,0,0,3
facc5bd9-2b6a-4d39-b6fe-a3f5a82d9379,Notre Dame,11/22/16,NULL,9,1,2,0.5,1,2,0.5,0,0,0,2,4,0.5,NULL,NULL,3,1,1,1,0,0,0,3,3
facc5bd9-2b6a-4d39-b6fe-a3f5a82d9379,Bryant,11/25/16,NULL,3,0,1,0,0,0,0,0,0,0,0,1,0,NULL,NULL,0,0.75,0,0,0,0,0,0,2.25
facc5bd9-2b6a-4d39-b6fe-a3f5a82d9379,Wake Forest,11/28/16,NULL,11,0,2,0,0,1,0,0,0,0,0,3,0,NULL,NULL,1,0.8,0,0,0,1,1,0,1.8
facc5bd9-2b6a-4d39-b6fe-a3f5a82d9379,Depaul,12/3/16,NULL,13,0,2,0,0,2,0,0,0,0,0,4,0,NULL,NULL,1,0.83,2,1,0,0,0,0,1.5
facc5bd9-2b6a-4d39-b6fe-a3f5a82d9379,New Orleans,12/11/16,NULL,13,0,3,0,0,2,0,0,0,0,0,5,0,NULL,NULL,1,0.86,0,2,1,0,2,0,1.29
facc5bd9-2b6a-4d39-b6fe-a3f5a82d9379,Chicago State,12/14/16,NULL,2,0,0,0,0,0,0,0,0,0,0,0,NULL,NULL,NULL,0,0.75,0,0,0,0,0,0,1.13
facc5bd9-2b6a-4d39-b6fe-a3f5a82d9379,Dayton,12/17/16,NULL,0,0,0,0,0,0,0,0,0,0,0,0,NULL,NULL,NULL,0,0.67,0,0,0,0,0,0,1
facc5bd9-2b6a-4d39-b6fe-a3f5a82d9379,IUPUI,12/20/16,NULL,3,0,0,0,0,0,0,0,0,0,0,0,NULL,NULL,NULL,0,0.6,1,0,0,0,0,0,0.9
facc5bd9-2b6a-4d39-b6fe-a3f5a82d9379,Houston Baptist,12/22/16,NULL,NULL,NULL,NULL,NULL,NULL,NULL,NULL,NULL,NULL,NULL,NULL,NULL,NULL,NULL,NULL,NULL,0.6,NULL,NULL,NULL,NULL,NULL,NULL,0.9
facc5bd9-2b6a-4d39-b6fe-a3f5a82d9379,Penn State,12/27/16,NULL,2,0,0,0,0,0,0,0,0,0,0,0,NULL,NULL,NULL,0,0.55,0,0,0,0,0,0,0.82
facc5bd9-2b6a-4d39-b6fe-a3f5a82d9379,Michigan State,12/30/16,NULL,0,0,0,0,0,0,0,0,0,0,0,0,NULL,NULL,NULL,0,0.5,0,0,0,0,0,0,0.75
facc5bd9-2b6a-4d39-b6fe-a3f5a82d9379,Minnesota,1/5/17,NULL,7,1,3,0.33,1,3,0.33,0,0,0,2,6,0.33,NULL,NULL,1,0.54,1,0,0,0,1,3,0.92
facc5bd9-2b6a-4d39-b6fe-a3f5a82d9379,Nebraska,1/8/17,NULL,4,0,1,0,0,1,0,0,0,0,0,2,0,NULL,NULL,0,0.5,0,2,0,0,0,0,0.86
facc5bd9-2b6a-4d39-b6fe-a3f5a82d9379,Rutgers,1/12/17,NULL,0,0,0,0,0,0,0,0,0,0,0,0,NULL,NULL,NULL,0,0.47,0,0,0,0,0,0,0.8
facc5bd9-2b6a-4d39-b6fe-a3f5a82d9379,Iowa,1/15/17,NULL,2,1,1,1,1,1,1,0,0,0,2,2,1,NULL,NULL,1,0.5,0,0,0,0,0,3,0.94
facc5bd9-2b6a-4d39-b6fe-a3f5a82d9379,Ohio State,1/22/17,NULL,NULL,NULL,NULL,NULL,NULL,NULL,NULL,NULL,NULL,NULL,NULL,NULL,NULL,NULL,NULL,NULL,0.5,NULL,NULL,NULL,NULL,NULL,NULL,0.94
facc5bd9-2b6a-4d39-b6fe-a3f5a82d9379,Nebraska,1/26/17,NULL,1,0,0,0,0,0,0,0,0,0,0,0,NULL,NULL,NULL,0,0.47,0,0,1,0,0,0,0.88
facc5bd9-2b6a-4d39-b6fe-a3f5a82d9379,Indiana,1/29/17,NULL,NULL,NULL,NULL,NULL,NULL,NULL,NULL,NULL,NULL,NULL,NULL,NULL,NULL,NULL,NULL,NULL,0.47,NULL,NULL,NULL,NULL,NULL,NULL,0.88
facc5bd9-2b6a-4d39-b6fe-a3f5a82d9379,Purdue,2/1/17,NULL,7,0,0,0,0,0,0,0,0,0,0,0,NULL,NULL,NULL,0,0.44,0,0,0,0,0,0,0.83
facc5bd9-2b6a-4d39-b6fe-a3f5a82d9379,Illinois,2/7/17,NULL,1,0,0,0,0,0,0,0,0,0,0,0,NULL,NULL,NULL,0,0.42,0,0,0,0,0,0,0.79
facc5bd9-2b6a-4d39-b6fe-a3f5a82d9379,Wisconsin,2/12/17,NULL,NULL,NULL,NULL,NULL,NULL,NULL,NULL,NULL,NULL,NULL,NULL,NULL,NULL,NULL,NULL,NULL,0.42,NULL,NULL,NULL,NULL,NULL,NULL,0.79
facc5bd9-2b6a-4d39-b6fe-a3f5a82d9379,Maryland,2/15/17,NULL,1,0,0,0,0,0,0,0,0,0,0,0,NULL,NULL,NULL,0,0.4,0,0,0,0,0,0,0.75
facc5bd9-2b6a-4d39-b6fe-a3f5a82d9379,Rutgers,2/18/17,NULL,1,0,0,0,0,0,0,0,0,0,0,0,NULL,NULL,NULL,0,0.38,1,0,0,0,0,0,0.71
facc5bd9-2b6a-4d39-b6fe-a3f5a82d9379,Illinois,2/21/17,NULL,NULL,NULL,NULL,NULL,NULL,NULL,NULL,NULL,NULL,NULL,NULL,NULL,NULL,NULL,NULL,NULL,0.38,NULL,NULL,NULL,NULL,NULL,NULL,0.71
facc5bd9-2b6a-4d39-b6fe-a3f5a82d9379,Indiana,2/25/17,NULL,NULL,NULL,NULL,NULL,NULL,NULL,NULL,NULL,NULL,NULL,NULL,NULL,NULL,NULL,NULL,NULL,0.38,NULL,NULL,NULL,NULL,NULL,NULL,0.71
facc5bd9-2b6a-4d39-b6fe-a3f5a82d9379,Michigan,3/1/17,NULL,2,0,1,0,0,0,0,0,0,0,0,1,0,NULL,NULL,0,0.36,1,0,0,0,0,0,0.68
facc5bd9-2b6a-4d39-b6fe-a3f5a82d9379,Purdue,3/5/17,NULL,3,0,0,0,0,0,0,0,0,0,0,0,NULL,NULL,NULL,2,0.43,1,1,1,0,0,0,0.65
facc5bd9-2b6a-4d39-b6fe-a3f5a82d9379,Rutgers,3/9/17,NULL,8,0,0,0,0,0,0,0,0,0,0,0,NULL,NULL,NULL,1,0.46,1,2,1,0,0,0,0.63
facc5bd9-2b6a-4d39-b6fe-a3f5a82d9379,Maryland,3/10/17,NULL,1,0,0,0,0,0,0,0,0,0,0,0,NULL,NULL,NULL,0,0.44,0,0,0,0,0,0,0.6
facc5bd9-2b6a-4d39-b6fe-a3f5a82d9379,Wisconsin,3/11/17,NULL,7,0,1,0,0,1,0,0,0,0,0,2,0,NULL,NULL,1,0.46,0,1,1,0,1,0,0.58
facc5bd9-2b6a-4d39-b6fe-a3f5a82d9379,Total,NULL,NULL,105,5,20,0.25,5,15,0.33,0,0,0,10,35,0.29,NULL,NULL,12,0.46,9,10,5,1,5,15,0.58
84e62cde-4aaa-4da8-b1b4-e845d29177e0,Miss Valley St,11/11/16,NULL,6,2,3,0.67,0,0,0,0,0,0,2,3,0.67,NULL,NULL,2,2,2,0,0,0,0,4,4
84e62cde-4aaa-4da8-b1b4-e845d29177e0,E Washington,11/14/16,NULL,NULL,NULL,NULL,NULL,NULL,NULL,NULL,NULL,NULL,NULL,NULL,NULL,NULL,NULL,NULL,NULL,2,NULL,NULL,NULL,NULL,NULL,NULL,4
84e62cde-4aaa-4da8-b1b4-e845d29177e0,Butler,11/16/16,NULL,1,0,0,0,0,0,0,0,0,0,0,0,NULL,NULL,NULL,0,1,1,0,0,0,0,0,2
84e62cde-4aaa-4da8-b1b4-e845d29177e0,Texas,11/21/16,NULL,4,1,1,1,0,0,0,0,0,0,1,1,1,NULL,NULL,1,1,2,0,0,0,0,2,2
84e62cde-4aaa-4da8-b1b4-e845d29177e0,Notre Dame,11/22/16,NULL,NULL,NULL,NULL,NULL,NULL,NULL,NULL,NULL,NULL,NULL,NULL,NULL,NULL,NULL,NULL,NULL,1,NULL,NULL,NULL,NULL,NULL,NULL,2
84e62cde-4aaa-4da8-b1b4-e845d29177e0,Bryant,11/25/16,NULL,3,0,0,0,0,0,0,1,2,0.5,1,2,0.5,NULL,NULL,1,1,1,0,0,0,0,1,1.75
84e62cde-4aaa-4da8-b1b4-e845d29177e0,Wake Forest,11/28/16,NULL,1,0,1,0,0,0,0,0,0,0,0,1,0,NULL,NULL,1,1,0,0,1,0,0,0,1.4
84e62cde-4aaa-4da8-b1b4-e845d29177e0,Depaul,12/3/16,NULL,20,2,3,0.67,0,0,0,1,4,0.25,3,7,0.43,NULL,NULL,3,1.33,4,0,2,1,1,5,2
84e62cde-4aaa-4da8-b1b4-e845d29177e0,New Orleans,12/11/16,NULL,14,2,2,1,0,0,0,0,0,0,2,2,1,NULL,NULL,3,1.57,4,0,1,1,1,4,2.29
84e62cde-4aaa-4da8-b1b4-e845d29177e0,Chicago State,12/14/16,NULL,10,0,0,0,0,0,0,3,4,0.75,3,4,0.75,NULL,NULL,0,1.38,1,0,0,2,0,3,2.38
84e62cde-4aaa-4da8-b1b4-e845d29177e0,Dayton,12/17/16,NULL,14,0,1,0,0,0,0,0,0,0,0,1,0,NULL,NULL,3,1.56,2,1,0,2,0,0,2.11
84e62cde-4aaa-4da8-b1b4-e845d29177e0,IUPUI,12/20/16,NULL,15,2,4,0.5,0,0,0,0,0,0,2,4,0.5,NULL,NULL,4,1.8,2,1,2,5,0,4,2.3
84e62cde-4aaa-4da8-b1b4-e845d29177e0,Houston Baptist,12/22/16,NULL,19,1,2,0.5,0,0,0,1,2,0.5,2,4,0.5,NULL,NULL,6,2.18,1,3,0,2,0,3,2.36
84e62cde-4aaa-4da8-b1b4-e845d29177e0,Penn State,12/27/16,NULL,15,2,4,0.5,0,0,0,2,5,0.4,4,9,0.44,NULL,NULL,4,2.33,4,2,0,0,2,6,2.67
84e62cde-4aaa-4da8-b1b4-e845d29177e0,Michigan State,12/30/16,NULL,12,0,1,0,0,0,0,0,0,0,0,1,0,NULL,NULL,3,2.38,3,0,1,0,0,0,2.46
84e62cde-4aaa-4da8-b1b4-e845d29177e0,Minnesota,1/5/17,NULL,2,0,0,0,0,0,0,0,0,0,0,0,NULL,NULL,NULL,0,2.21,1,0,0,0,0,0,2.29
84e62cde-4aaa-4da8-b1b4-e845d29177e0,Nebraska,1/8/17,NULL,NULL,NULL,NULL,NULL,NULL,NULL,NULL,NULL,NULL,NULL,NULL,NULL,NULL,NULL,NULL,NULL,2.21,NULL,NULL,NULL,NULL,NULL,NULL,2.29
84e62cde-4aaa-4da8-b1b4-e845d29177e0,Rutgers,1/12/17,NULL,3,0,0,0,0,0,0,0,0,0,0,0,NULL,NULL,NULL,0,2.07,0,0,0,1,0,0,2.13
84e62cde-4aaa-4da8-b1b4-e845d29177e0,Iowa,1/15/17,NULL,3,0,0,0,0,0,0,0,0,0,0,0,NULL,NULL,NULL,0,1.94,1,0,0,0,0,0,2
84e62cde-4aaa-4da8-b1b4-e845d29177e0,Ohio State,1/22/17,NULL,5,1,1,1,0,0,0,0,0,0,1,1,1,NULL,NULL,0,1.82,2,0,0,0,1,2,2
84e62cde-4aaa-4da8-b1b4-e845d29177e0,Nebraska,1/26/17,NULL,3,0,2,0,0,0,0,0,0,0,0,2,0,NULL,NULL,2,1.83,1,0,0,0,0,0,1.89
84e62cde-4aaa-4da8-b1b4-e845d29177e0,Indiana,1/29/17,NULL,13,2,3,0.67,0,0,0,0,0,0,2,3,0.67,NULL,NULL,1,1.79,3,2,0,2,0,4,2
84e62cde-4aaa-4da8-b1b4-e845d29177e0,Purdue,2/1/17,NULL,11,2,4,0.5,0,0,0,4,4,1,6,8,0.75,NULL,NULL,3,1.85,3,0,0,0,0,8,2.3
84e62cde-4aaa-4da8-b1b4-e845d29177e0,Illinois,2/7/17,NULL,NULL,NULL,NULL,NULL,NULL,NULL,NULL,NULL,NULL,NULL,NULL,NULL,NULL,NULL,NULL,NULL,1.85,NULL,NULL,NULL,NULL,NULL,NULL,2.3
84e62cde-4aaa-4da8-b1b4-e845d29177e0,Wisconsin,2/12/17,NULL,3,0,0,0,0,0,0,0,0,0,0,0,NULL,NULL,NULL,1,1.81,0,1,0,0,0,0,2.19
84e62cde-4aaa-4da8-b1b4-e845d29177e0,Maryland,2/15/17,NULL,6,0,0,0,0,0,0,1,2,0.5,1,2,0.5,NULL,NULL,0,1.73,0,0,0,0,1,1,2.14
84e62cde-4aaa-4da8-b1b4-e845d29177e0,Rutgers,2/18/17,NULL,3,2,3,0.67,0,0,0,0,0,0,2,3,0.67,NULL,NULL,1,1.7,0,0,0,0,0,4,2.22
84e62cde-4aaa-4da8-b1b4-e845d29177e0,Illinois,2/21/17,NULL,4,0,0,0,0,0,0,0,0,0,0,0,NULL,NULL,NULL,1,1.67,0,0,0,0,1,0,2.13
84e62cde-4aaa-4da8-b1b4-e845d29177e0,Indiana,2/25/17,NULL,4,0,0,0,0,0,0,0,0,0,0,0,NULL,NULL,NULL,0,1.6,2,0,0,0,0,0,2.04
84e62cde-4aaa-4da8-b1b4-e845d29177e0,Michigan,3/1/17,NULL,15,2,3,0.67,0,0,0,0,0,0,2,3,0.67,NULL,NULL,3,1.65,3,1,0,1,0,4,2.12
84e62cde-4aaa-4da8-b1b4-e845d29177e0,Purdue,3/5/17,NULL,6,1,1,1,0,0,0,0,0,0,1,1,1,NULL,NULL,2,1.67,1,1,2,0,0,2,2.11
84e62cde-4aaa-4da8-b1b4-e845d29177e0,Rutgers,3/9/17,NULL,11,0,0,0,0,0,0,0,0,0,0,0,NULL,NULL,NULL,1,1.64,0,0,0,1,0,0,2.04
84e62cde-4aaa-4da8-b1b4-e845d29177e0,Maryland,3/10/17,NULL,6,0,0,0,0,0,0,0,0,0,0,0,NULL,NULL,NULL,1,1.62,1,0,0,1,0,0,1.97
84e62cde-4aaa-4da8-b1b4-e845d29177e0,Wisconsin,3/11/17,NULL,8,1,2,0.5,0,0,0,0,0,0,1,2,0.5,NULL,NULL,2,1.63,0,0,1,0,0,2,1.97
84e62cde-4aaa-4da8-b1b4-e845d29177e0,Total,NULL,NULL,240,23,41,0.56,0,0,0,13,23,0.57,36,64,0.56,NULL,NULL,49,1.63,45,12,10,19,7,59,1.97
0313794b-101c-4708-ba1c-abb967de4325,Miss Valley St,11/11/16,NULL,29,4,10,0.4,1,6,0.17,2,2,1,7,18,0.39,NULL,NULL,2,2,4,4,2,0,1,11,11
0313794b-101c-4708-ba1c-abb967de4325,E Washington,11/14/16,NULL,37,8,17,0.47,0,1,0,2,2,1,10,20,0.5,NULL,NULL,1,1.5,1,7,1,0,0,18,14.5
0313794b-101c-4708-ba1c-abb967de4325,Butler,11/16/16,NULL,36,4,9,0.44,1,2,0.5,3,4,0.75,8,15,0.53,NULL,NULL,0,1,2,5,5,0,1,12,13.67
0313794b-101c-4708-ba1c-abb967de4325,Texas,11/21/16,NULL,37,7,18,0.39,2,7,0.29,4,4,1,13,29,0.45,NULL,NULL,1,1,2,5,1,0,2,20,15.25
0313794b-101c-4708-ba1c-abb967de4325,Notre Dame,11/22/16,NULL,35,3,18,0.17,1,3,0.33,0,0,0,4,21,0.19,NULL,NULL,1,1,0,4,4,0,0,7,13.6
0313794b-101c-4708-ba1c-abb967de4325,Bryant,11/25/16,NULL,33,3,11,0.27,0,5,0,2,2,1,5,18,0.28,NULL,NULL,1,1,1,5,4,1,1,8,12.67
0313794b-101c-4708-ba1c-abb967de4325,Wake Forest,11/28/16,NULL,34,10,16,0.63,2,3,0.67,1,2,0.5,13,21,0.62,NULL,NULL,4,1.43,3,2,2,0,0,23,14.14
0313794b-101c-4708-ba1c-abb967de4325,Depaul,12/3/16,NULL,24,1,4,0.25,0,2,0,2,2,1,3,8,0.38,NULL,NULL,6,2,4,5,4,0,0,4,12.88
0313794b-101c-4708-ba1c-abb967de4325,New Orleans,12/11/16,NULL,26,3,7,0.43,1,3,0.33,2,2,1,6,12,0.5,NULL,NULL,1,1.89,1,7,1,0,2,9,12.44
0313794b-101c-4708-ba1c-abb967de4325,Chicago State,12/14/16,NULL,37,4,14,0.29,2,8,0.25,4,4,1,10,26,0.38,NULL,NULL,2,1.9,2,7,0,0,0,14,12.6
0313794b-101c-4708-ba1c-abb967de4325,Dayton,12/17/16,NULL,36,5,12,0.42,1,5,0.2,2,2,1,8,19,0.42,NULL,NULL,4,2.09,2,5,8,1,0,13,12.64
0313794b-101c-4708-ba1c-abb967de4325,IUPUI,12/20/16,NULL,34,3,10,0.3,2,5,0.4,2,2,1,7,17,0.41,NULL,NULL,5,2.33,3,9,2,0,0,10,12.42
0313794b-101c-4708-ba1c-abb967de4325,Houston Baptist,12/22/16,NULL,35,3,15,0.2,1,4,0.25,2,4,0.5,6,23,0.26,NULL,NULL,3,2.38,2,6,5,0,1,9,12.15
0313794b-101c-4708-ba1c-abb967de4325,Penn State,12/27/16,NULL,36,5,13,0.39,1,4,0.25,0,0,0,6,17,0.35,NULL,NULL,5,2.57,3,8,2,0,0,11,12.07
0313794b-101c-4708-ba1c-abb967de4325,Michigan State,12/30/16,NULL,37,3,14,0.21,0,3,0,1,1,1,4,18,0.22,NULL,NULL,0,2.4,5,5,2,0,1,7,11.73
0313794b-101c-4708-ba1c-abb967de4325,Minnesota,1/5/17,NULL,31,7,15,0.47,2,5,0.4,5,5,1,14,25,0.56,NULL,NULL,2,2.38,2,5,3,0,1,21,12.31
0313794b-101c-4708-ba1c-abb967de4325,Nebraska,1/8/17,NULL,35,3,10,0.3,1,4,0.25,4,4,1,8,18,0.44,NULL,NULL,4,2.47,3,4,1,0,1,11,12.24
0313794b-101c-4708-ba1c-abb967de4325,Rutgers,1/12/17,NULL,31,2,10,0.2,0,2,0,2,2,1,4,14,0.29,NULL,NULL,2,2.44,1,4,3,1,1,6,11.89
0313794b-101c-4708-ba1c-abb967de4325,Iowa,1/15/17,NULL,32,9,11,0.82,2,3,0.67,0,0,0,11,14,0.79,NULL,NULL,1,2.37,1,10,1,0,1,20,12.32
0313794b-101c-4708-ba1c-abb967de4325,Ohio State,1/22/17,NULL,30,4,12,0.33,2,7,0.29,7,8,0.88,13,27,0.48,NULL,NULL,3,2.4,3,1,2,0,1,17,12.55
0313794b-101c-4708-ba1c-abb967de4325,Nebraska,1/26/17,NULL,32,3,13,0.23,1,3,0.33,2,2,1,6,18,0.33,NULL,NULL,3,2.43,2,9,1,1,2,9,12.38
0313794b-101c-4708-ba1c-abb967de4325,Indiana,1/29/17,NULL,37,7,13,0.54,2,4,0.5,5,6,0.83,14,23,0.61,NULL,NULL,4,2.5,3,8,4,0,1,21,12.77
0313794b-101c-4708-ba1c-abb967de4325,Purdue,2/1/17,NULL,37,9,19,0.47,1,4,0.25,3,3,1,13,26,0.5,NULL,NULL,4,2.57,1,4,1,0,0,22,13.17
0313794b-101c-4708-ba1c-abb967de4325,Illinois,2/7/17,NULL,39,8,20,0.4,1,3,0.33,4,6,0.67,13,29,0.45,NULL,NULL,3,2.58,2,4,6,0,1,21,13.5
0313794b-101c-4708-ba1c-abb967de4325,Wisconsin,2/12/17,NULL,40,10,23,0.44,1,2,0.5,4,4,1,15,29,0.52,NULL,NULL,7,2.76,1,7,2,0,0,25,13.96
0313794b-101c-4708-ba1c-abb967de4325,Maryland,2/15/17,NULL,31,3,13,0.23,0,5,0,3,4,0.75,6,22,0.27,NULL,NULL,4,2.81,4,6,2,0,0,9,13.77
0313794b-101c-4708-ba1c-abb967de4325,Rutgers,2/18/17,NULL,36,6,11,0.55,1,3,0.33,5,6,0.83,12,20,0.6,NULL,NULL,2,2.78,2,6,2,0,1,18,13.93
0313794b-101c-4708-ba1c-abb967de4325,Illinois,2/21/17,NULL,31,6,17,0.35,0,4,0,4,5,0.8,10,26,0.38,NULL,NULL,5,2.86,3,3,3,0,0,16,14
0313794b-101c-4708-ba1c-abb967de4325,Indiana,2/25/17,NULL,37,8,18,0.44,3,5,0.6,3,4,0.75,14,27,0.52,NULL,NULL,5,2.93,1,2,1,0,1,22,14.28
0313794b-101c-4708-ba1c-abb967de4325,Michigan,3/1/17,NULL,38,6,16,0.38,1,3,0.33,0,0,0,7,19,0.37,NULL,NULL,1,2.87,2,5,4,0,0,13,14.23
0313794b-101c-4708-ba1c-abb967de4325,Purdue,3/5/17,NULL,37,10,17,0.59,2,4,0.5,3,4,0.75,15,25,0.6,NULL,NULL,2,2.84,0,6,2,0,0,25,14.58
0313794b-101c-4708-ba1c-abb967de4325,Rutgers,3/9/17,NULL,32,6,9,0.67,1,2,0.5,0,0,0,7,11,0.64,NULL,NULL,2,2.81,2,3,3,0,0,13,14.53
0313794b-101c-4708-ba1c-abb967de4325,Maryland,3/10/17,NULL,36,5,10,0.5,2,2,1,4,5,0.8,11,17,0.65,NULL,NULL,0,2.73,1,6,3,0,2,16,14.58
0313794b-101c-4708-ba1c-abb967de4325,Wisconsin,3/11/17,NULL,31,4,12,0.33,0,2,0,0,0,0,4,14,0.29,NULL,NULL,2,2.71,1,1,1,0,0,8,14.38
0313794b-101c-4708-ba1c-abb967de4325,Total,NULL,NULL,1159,182,457,0.4,38,128,0.3,87,101,0.86,307,686,0.45,NULL,NULL,92,2.71,70,178,88,4,22,489,14.38
81185b36-22e8-4473-be12-c6d89c7cd482,Miss Valley St,11/11/16,NULL,24,3,4,0.75,0,1,0,5,6,0.83,8,11,0.73,NULL,NULL,8,8,2,2,1,2,0,11,11
81185b36-22e8-4473-be12-c6d89c7cd482,E Washington,11/14/16,NULL,23,1,1,1,1,1,1,0,1,0,2,3,0.67,NULL,NULL,3,5.5,4,2,0,1,0,3,7
81185b36-22e8-4473-be12-c6d89c7cd482,Butler,11/16/16,NULL,31,4,8,0.5,0,2,0,2,2,1,6,12,0.5,NULL,NULL,5,5.33,3,2,1,0,1,10,8
81185b36-22e8-4473-be12-c6d89c7cd482,Texas,11/21/16,NULL,26,2,3,0.67,1,1,1,0,0,0,3,4,0.75,NULL,NULL,5,5.25,3,2,1,0,0,5,7.25
81185b36-22e8-4473-be12-c6d89c7cd482,Notre Dame,11/22/16,NULL,17,1,1,1,0,0,0,0,0,0,1,1,1,NULL,NULL,4,5,3,1,1,0,0,2,6.2
81185b36-22e8-4473-be12-c6d89c7cd482,Bryant,11/25/16,NULL,22,1,2,0.5,0,0,0,1,2,0.5,2,4,0.5,NULL,NULL,6,5.17,2,1,0,0,0,3,5.67
81185b36-22e8-4473-be12-c6d89c7cd482,Wake Forest,11/28/16,NULL,33,4,7,0.57,0,2,0,2,2,1,6,11,0.55,NULL,NULL,7,5.43,1,3,1,1,3,10,6.29
81185b36-22e8-4473-be12-c6d89c7cd482,Depaul,12/3/16,NULL,29,4,7,0.57,2,2,1,1,1,1,7,10,0.7,NULL,NULL,10,6,4,2,1,3,0,11,6.88
81185b36-22e8-4473-be12-c6d89c7cd482,New Orleans,12/11/16,NULL,16,1,1,1,0,0,0,0,0,0,1,1,1,NULL,NULL,2,5.56,3,1,0,3,0,2,6.33
81185b36-22e8-4473-be12-c6d89c7cd482,Chicago State,12/14/16,NULL,39,4,8,0.5,1,4,0.25,0,1,0,5,13,0.38,NULL,NULL,11,6.1,1,1,1,0,1,9,6.6
81185b36-22e8-4473-be12-c6d89c7cd482,Dayton,12/17/16,NULL,36,5,8,0.63,1,3,0.33,3,4,0.75,9,15,0.6,NULL,NULL,14,6.82,5,2,1,0,1,14,7.27
81185b36-22e8-4473-be12-c6d89c7cd482,IUPUI,12/20/16,NULL,34,4,5,0.8,0,1,0,5,6,0.83,9,12,0.75,NULL,NULL,13,7.33,3,1,0,0,2,13,7.75
81185b36-22e8-4473-be12-c6d89c7cd482,Houston Baptist,12/22/16,NULL,36,3,4,0.75,1,2,0.5,4,5,0.8,8,11,0.73,NULL,NULL,9,7.46,2,1,1,0,0,11,8
81185b36-22e8-4473-be12-c6d89c7cd482,Penn State,12/27/16,NULL,24,1,1,1,0,0,0,1,2,0.5,2,3,0.67,NULL,NULL,7,7.43,4,2,1,1,1,3,7.64
81185b36-22e8-4473-be12-c6d89c7cd482,Michigan State,12/30/16,NULL,34,3,6,0.5,1,3,0.33,0,0,0,4,9,0.44,NULL,NULL,6,7.33,5,2,0,0,0,7,7.6
81185b36-22e8-4473-be12-c6d89c7cd482,Minnesota,1/5/17,NULL,22,0,3,0,0,1,0,0,0,0,0,4,0,NULL,NULL,3,7.06,5,0,0,0,0,0,7.13
81185b36-22e8-4473-be12-c6d89c7cd482,Nebraska,1/8/17,NULL,25,1,4,0.25,0,2,0,0,0,0,1,6,0.17,NULL,NULL,4,6.88,3,2,0,0,0,2,6.82
81185b36-22e8-4473-be12-c6d89c7cd482,Rutgers,1/12/17,NULL,23,0,3,0,0,1,0,0,0,0,0,4,0,NULL,NULL,4,6.72,4,1,3,1,0,0,6.44
81185b36-22e8-4473-be12-c6d89c7cd482,Iowa,1/15/17,NULL,28,2,2,1,1,1,1,0,2,0,3,5,0.6,NULL,NULL,7,6.74,1,5,1,0,1,5,6.37
81185b36-22e8-4473-be12-c6d89c7cd482,Ohio State,1/22/17,NULL,29,2,4,0.5,1,3,0.33,3,4,0.75,6,11,0.55,NULL,NULL,11,6.95,4,2,0,0,0,8,6.45
81185b36-22e8-4473-be12-c6d89c7cd482,Nebraska,1/26/17,NULL,25,3,4,0.75,1,1,1,1,1,1,5,6,0.83,NULL,NULL,3,6.76,3,1,2,0,0,8,6.52
81185b36-22e8-4473-be12-c6d89c7cd482,Indiana,1/29/17,NULL,38,4,6,0.67,1,2,0.5,6,7,0.86,11,15,0.73,NULL,NULL,3,6.59,3,0,0,0,2,15,6.91
81185b36-22e8-4473-be12-c6d89c7cd482,Purdue,2/1/17,NULL,30,3,6,0.5,1,3,0.33,2,5,0.4,6,14,0.43,NULL,NULL,7,6.61,4,0,0,0,2,9,7
81185b36-22e8-4473-be12-c6d89c7cd482,Illinois,2/7/17,NULL,30,0,2,0,0,2,0,0,0,0,0,4,0,NULL,NULL,3,6.46,4,1,0,1,0,0,6.71
81185b36-22e8-4473-be12-c6d89c7cd482,Wisconsin,2/12/17,NULL,32,4,6,0.67,1,3,0.33,0,0,0,5,9,0.56,NULL,NULL,5,6.4,3,0,1,0,2,9,6.8
81185b36-22e8-4473-be12-c6d89c7cd482,Maryland,2/15/17,NULL,29,3,6,0.5,0,0,0,0,1,0,3,7,0.43,NULL,NULL,2,6.23,4,2,0,1,0,6,6.77
81185b36-22e8-4473-be12-c6d89c7cd482,Rutgers,2/18/17,NULL,21,0,1,0,0,1,0,0,0,0,0,2,0,NULL,NULL,3,6.11,2,0,1,0,1,0,6.52
81185b36-22e8-4473-be12-c6d89c7cd482,Illinois,2/21/17,NULL,22,0,1,0,0,1,0,0,0,0,0,2,0,NULL,NULL,1,5.93,2,0,0,0,0,0,6.29
81185b36-22e8-4473-be12-c6d89c7cd482,Indiana,2/25/17,NULL,30,1,2,0.5,0,1,0,2,3,0.67,3,6,0.5,NULL,NULL,4,5.86,5,1,0,0,0,4,6.21
81185b36-22e8-4473-be12-c6d89c7cd482,Michigan,3/1/17,NULL,26,1,2,0.5,0,0,0,0,0,0,1,2,0.5,NULL,NULL,4,5.8,4,1,2,0,0,2,6.07
81185b36-22e8-4473-be12-c6d89c7cd482,Purdue,3/5/17,NULL,32,5,5,1,0,0,0,3,4,0.75,8,9,0.89,NULL,NULL,7,5.84,3,0,0,0,0,13,6.29
81185b36-22e8-4473-be12-c6d89c7cd482,Rutgers,3/9/17,NULL,22,3,3,1,1,1,1,2,3,0.67,6,7,0.86,NULL,NULL,2,5.72,2,2,1,0,0,9,6.38
81185b36-22e8-4473-be12-c6d89c7cd482,Maryland,3/10/17,NULL,28,1,4,0.25,0,2,0,2,3,0.67,3,9,0.33,NULL,NULL,7,5.76,2,4,1,0,0,4,6.3
81185b36-22e8-4473-be12-c6d89c7cd482,Wisconsin,3/11/17,NULL,23,0,1,0,0,1,0,1,2,0.5,1,4,0.25,NULL,NULL,2,5.65,4,0,2,0,1,1,6.15
81185b36-22e8-4473-be12-c6d89c7cd482,Total,NULL,NULL,939,74,131,0.56,15,48,0.31,46,67,0.69,135,246,0.55,NULL,NULL,192,5.65,107,47,24,14,18,209,6.15
81b2a6fa-ae7f-42ce-b083-351787aab7b5,Miss Valley St,11/11/16,NULL,21,1,2,0.5,1,2,0.5,4,4,1,6,8,0.75,NULL,NULL,5,5,5,3,0,4,1,7,7
81b2a6fa-ae7f-42ce-b083-351787aab7b5,E Washington,11/14/16,NULL,15,2,2,1,0,0,0,0,0,0,2,2,1,NULL,NULL,2,3.5,4,0,1,0,1,4,5.5
81b2a6fa-ae7f-42ce-b083-351787aab7b5,Butler,11/16/16,NULL,22,1,2,0.5,1,1,1,1,3,0.33,3,6,0.5,NULL,NULL,4,3.67,4,2,1,1,0,4,5
81b2a6fa-ae7f-42ce-b083-351787aab7b5,Texas,11/21/16,NULL,13,0,1,0,0,0,0,2,2,1,2,3,0.67,NULL,NULL,6,4.25,4,3,0,1,0,2,4.25
81b2a6fa-ae7f-42ce-b083-351787aab7b5,Notre Dame,11/22/16,NULL,10,0,2,0,0,2,0,0,0,0,0,4,0,NULL,NULL,0,3.4,2,0,3,0,0,0,3.4
81b2a6fa-ae7f-42ce-b083-351787aab7b5,Bryant,11/25/16,NULL,26,5,9,0.56,0,1,0,5,5,1,10,15,0.67,NULL,NULL,6,3.83,1,6,0,3,0,15,5.33
81b2a6fa-ae7f-42ce-b083-351787aab7b5,Wake Forest,11/28/16,NULL,29,4,8,0.5,1,4,0.25,2,3,0.67,7,15,0.47,NULL,NULL,6,4.14,3,4,3,2,2,11,6.14
81b2a6fa-ae7f-42ce-b083-351787aab7b5,Depaul,12/3/16,NULL,26,5,7,0.71,0,1,0,5,6,0.83,10,14,0.71,NULL,NULL,3,4,1,1,0,1,0,15,7.25
81b2a6fa-ae7f-42ce-b083-351787aab7b5,New Orleans,12/11/16,NULL,28,4,7,0.57,1,1,1,5,6,0.83,10,14,0.71,NULL,NULL,9,4.56,2,3,0,2,0,14,8
81b2a6fa-ae7f-42ce-b083-351787aab7b5,Chicago State,12/14/16,NULL,25,4,6,0.67,0,1,0,0,0,0,4,7,0.57,NULL,NULL,6,4.7,4,3,3,4,0,8,8
81b2a6fa-ae7f-42ce-b083-351787aab7b5,Dayton,12/17/16,NULL,18,0,2,0,0,1,0,4,6,0.67,4,9,0.44,NULL,NULL,2,4.45,5,2,1,1,0,4,7.64
81b2a6fa-ae7f-42ce-b083-351787aab7b5,IUPUI,12/20/16,NULL,22,9,12,0.75,1,2,0.5,0,1,0,10,15,0.67,NULL,NULL,11,5,4,1,2,6,0,19,8.58
81b2a6fa-ae7f-42ce-b083-351787aab7b5,Houston Baptist,12/22/16,NULL,15,3,3,1,1,1,1,0,0,0,4,4,1,NULL,NULL,2,4.77,5,0,0,2,0,7,8.46
81b2a6fa-ae7f-42ce-b083-351787aab7b5,Penn State,12/27/16,NULL,29,4,9,0.44,2,2,1,2,2,1,8,13,0.62,NULL,NULL,5,4.79,3,0,2,2,1,12,8.71
81b2a6fa-ae7f-42ce-b083-351787aab7b5,Michigan State,12/30/16,NULL,12,0,1,0,0,1,0,0,0,0,0,2,0,NULL,NULL,2,4.6,5,0,1,0,0,0,8.13
81b2a6fa-ae7f-42ce-b083-351787aab7b5,Minnesota,1/5/17,NULL,23,2,9,0.22,0,6,0,0,0,0,2,15,0.13,NULL,NULL,6,4.69,2,0,2,1,0,4,7.88
81b2a6fa-ae7f-42ce-b083-351787aab7b5,Nebraska,1/8/17,NULL,23,3,4,0.75,2,3,0.67,1,1,1,6,8,0.75,NULL,NULL,4,4.65,4,1,3,0,2,9,7.94
81b2a6fa-ae7f-42ce-b083-351787aab7b5,Rutgers,1/12/17,NULL,22,2,5,0.4,1,3,0.33,0,0,0,3,8,0.38,NULL,NULL,10,4.94,4,4,3,2,0,5,7.78
81b2a6fa-ae7f-42ce-b083-351787aab7b5,Iowa,1/15/17,NULL,16,2,3,0.67,1,2,0.5,1,2,0.5,4,7,0.57,NULL,NULL,2,4.79,3,2,1,2,1,6,7.68
81b2a6fa-ae7f-42ce-b083-351787aab7b5,Ohio State,1/22/17,NULL,17,2,6,0.33,1,1,1,2,2,1,5,9,0.56,NULL,NULL,4,4.75,2,2,1,1,0,7,7.65
81b2a6fa-ae7f-42ce-b083-351787aab7b5,Nebraska,1/26/17,NULL,17,0,2,0,0,1,0,2,2,1,2,5,0.4,NULL,NULL,0,4.52,1,1,1,0,0,2,7.38
81b2a6fa-ae7f-42ce-b083-351787aab7b5,Indiana,1/29/17,NULL,5,0,2,0,0,0,0,0,0,0,0,2,0,NULL,NULL,1,4.36,2,0,1,0,0,0,7.05
81b2a6fa-ae7f-42ce-b083-351787aab7b5,Purdue,2/1/17,NULL,16,0,3,0,0,3,0,2,2,1,2,8,0.25,NULL,NULL,1,4.22,3,1,2,2,0,2,6.83
81b2a6fa-ae7f-42ce-b083-351787aab7b5,Illinois,2/7/17,NULL,22,1,5,0.2,0,3,0,6,6,1,7,14,0.5,NULL,NULL,9,4.42,2,1,2,1,2,8,6.88
81b2a6fa-ae7f-42ce-b083-351787aab7b5,Wisconsin,2/12/17,NULL,10,0,3,0,0,2,0,0,0,0,0,5,0,NULL,NULL,1,4.28,1,0,1,1,0,0,6.6
81b2a6fa-ae7f-42ce-b083-351787aab7b5,Maryland,2/15/17,NULL,15,0,2,0,0,0,0,0,0,0,0,2,0,NULL,NULL,0,4.12,0,1,0,1,0,0,6.35
81b2a6fa-ae7f-42ce-b083-351787aab7b5,Rutgers,2/18/17,NULL,18,3,5,0.6,2,3,0.67,1,2,0.5,6,10,0.6,NULL,NULL,4,4.11,3,0,2,1,0,9,6.44
81b2a6fa-ae7f-42ce-b083-351787aab7b5,Illinois,2/21/17,NULL,24,3,4,0.75,2,2,1,3,5,0.6,8,11,0.73,NULL,NULL,3,4.07,1,1,1,0,0,11,6.61
81b2a6fa-ae7f-42ce-b083-351787aab7b5,Indiana,2/25/17,NULL,10,2,4,0.5,0,2,0,1,2,0.5,3,8,0.38,NULL,NULL,1,3.97,4,1,1,0,0,5,6.55
81b2a6fa-ae7f-42ce-b083-351787aab7b5,Michigan,3/1/17,NULL,14,3,3,1,0,0,0,0,1,0,3,4,0.75,NULL,NULL,2,3.9,3,1,1,0,0,6,6.53
81b2a6fa-ae7f-42ce-b083-351787aab7b5,Purdue,3/5/17,NULL,7,0,2,0,0,2,0,0,0,0,0,4,0,NULL,NULL,0,3.77,2,0,0,0,0,0,6.32
81b2a6fa-ae7f-42ce-b083-351787aab7b5,Rutgers,3/9/17,NULL,17,2,6,0.33,0,1,0,1,1,1,3,8,0.38,NULL,NULL,3,3.75,1,1,3,1,1,5,6.28
81b2a6fa-ae7f-42ce-b083-351787aab7b5,Maryland,3/10/17,NULL,14,2,4,0.5,0,1,0,0,0,0,2,5,0.4,NULL,NULL,1,3.67,1,1,2,1,0,4,6.21
81b2a6fa-ae7f-42ce-b083-351787aab7b5,Wisconsin,3/11/17,NULL,18,1,5,0.2,1,4,0.25,0,0,0,2,9,0.22,NULL,NULL,4,3.68,2,0,2,0,1,3,6.12
81b2a6fa-ae7f-42ce-b083-351787aab7b5,Total,NULL,NULL,619,70,150,0.47,18,59,0.31,50,64,0.78,138,273,0.51,NULL,NULL,125,3.68,93,46,46,43,12,208,6.12
6f8b7570-63e2-499a-85ac-e3cf1bd56022,Miss Valley St,11/11/16,NULL,10,0,1,0,0,1,0,0,0,0,0,2,0,NULL,NULL,1,1,0,2,1,0,0,0,0
6f8b7570-63e2-499a-85ac-e3cf1bd56022,E Washington,11/14/16,NULL,4,0,1,0,0,1,0,0,0,0,0,2,0,NULL,NULL,0,0.5,1,1,0,0,0,0,0
6f8b7570-63e2-499a-85ac-e3cf1bd56022,Butler,11/16/16,NULL,6,0,1,0,0,1,0,0,0,0,0,2,0,NULL,NULL,1,0.67,0,0,0,1,0,0,0
6f8b7570-63e2-499a-85ac-e3cf1bd56022,Texas,11/21/16,NULL,NULL,NULL,NULL,NULL,NULL,NULL,NULL,NULL,NULL,NULL,NULL,NULL,NULL,NULL,NULL,NULL,0.67,NULL,NULL,NULL,NULL,NULL,NULL,0
6f8b7570-63e2-499a-85ac-e3cf1bd56022,Notre Dame,11/22/16,NULL,NULL,NULL,NULL,NULL,NULL,NULL,NULL,NULL,NULL,NULL,NULL,NULL,NULL,NULL,NULL,NULL,0.67,NULL,NULL,NULL,NULL,NULL,NULL,0
6f8b7570-63e2-499a-85ac-e3cf1bd56022,Bryant,11/25/16,NULL,NULL,NULL,NULL,NULL,NULL,NULL,NULL,NULL,NULL,NULL,NULL,NULL,NULL,NULL,NULL,NULL,0.67,NULL,NULL,NULL,NULL,NULL,NULL,0
6f8b7570-63e2-499a-85ac-e3cf1bd56022,Wake Forest,11/28/16,NULL,NULL,NULL,NULL,NULL,NULL,NULL,NULL,NULL,NULL,NULL,NULL,NULL,NULL,NULL,NULL,NULL,0.67,NULL,NULL,NULL,NULL,NULL,NULL,0
6f8b7570-63e2-499a-85ac-e3cf1bd56022,Depaul,12/3/16,NULL,NULL,NULL,NULL,NULL,NULL,NULL,NULL,NULL,NULL,NULL,NULL,NULL,NULL,NULL,NULL,NULL,0.67,NULL,NULL,NULL,NULL,NULL,NULL,0
6f8b7570-63e2-499a-85ac-e3cf1bd56022,New Orleans,12/11/16,NULL,NULL,NULL,NULL,NULL,NULL,NULL,NULL,NULL,NULL,NULL,NULL,NULL,NULL,NULL,NULL,NULL,0.67,NULL,NULL,NULL,NULL,NULL,NULL,0
6f8b7570-63e2-499a-85ac-e3cf1bd56022,Chicago State,12/14/16,NULL,NULL,NULL,NULL,NULL,NULL,NULL,NULL,NULL,NULL,NULL,NULL,NULL,NULL,NULL,NULL,NULL,0.67,NULL,NULL,NULL,NULL,NULL,NULL,0
6f8b7570-63e2-499a-85ac-e3cf1bd56022,Dayton,12/17/16,NULL,NULL,NULL,NULL,NULL,NULL,NULL,NULL,NULL,NULL,NULL,NULL,NULL,NULL,NULL,NULL,NULL,0.67,NULL,NULL,NULL,NULL,NULL,NULL,0
6f8b7570-63e2-499a-85ac-e3cf1bd56022,IUPUI,12/20/16,NULL,NULL,NULL,NULL,NULL,NULL,NULL,NULL,NULL,NULL,NULL,NULL,NULL,NULL,NULL,NULL,NULL,0.67,NULL,NULL,NULL,NULL,NULL,NULL,0
6f8b7570-63e2-499a-85ac-e3cf1bd56022,Houston Baptist,12/22/16,NULL,NULL,NULL,NULL,NULL,NULL,NULL,NULL,NULL,NULL,NULL,NULL,NULL,NULL,NULL,NULL,NULL,0.67,NULL,NULL,NULL,NULL,NULL,NULL,0
6f8b7570-63e2-499a-85ac-e3cf1bd56022,Penn State,12/27/16,NULL,NULL,NULL,NULL,NULL,NULL,NULL,NULL,NULL,NULL,NULL,NULL,NULL,NULL,NULL,NULL,NULL,0.67,NULL,NULL,NULL,NULL,NULL,NULL,0
6f8b7570-63e2-499a-85ac-e3cf1bd56022,Michigan State,12/30/16,NULL,NULL,NULL,NULL,NULL,NULL,NULL,NULL,NULL,NULL,NULL,NULL,NULL,NULL,NULL,NULL,NULL,0.67,NULL,NULL,NULL,NULL,NULL,NULL,0
6f8b7570-63e2-499a-85ac-e3cf1bd56022,Minnesota,1/5/17,NULL,NULL,NULL,NULL,NULL,NULL,NULL,NULL,NULL,NULL,NULL,NULL,NULL,NULL,NULL,NULL,NULL,0.67,NULL,NULL,NULL,NULL,NULL,NULL,0
6f8b7570-63e2-499a-85ac-e3cf1bd56022,Nebraska,1/8/17,NULL,NULL,NULL,NULL,NULL,NULL,NULL,NULL,NULL,NULL,NULL,NULL,NULL,NULL,NULL,NULL,NULL,0.67,NULL,NULL,NULL,NULL,NULL,NULL,0
6f8b7570-63e2-499a-85ac-e3cf1bd56022,Rutgers,1/12/17,NULL,NULL,NULL,NULL,NULL,NULL,NULL,NULL,NULL,NULL,NULL,NULL,NULL,NULL,NULL,NULL,NULL,0.67,NULL,NULL,NULL,NULL,NULL,NULL,0
6f8b7570-63e2-499a-85ac-e3cf1bd56022,Iowa,1/15/17,NULL,NULL,NULL,NULL,NULL,NULL,NULL,NULL,NULL,NULL,NULL,NULL,NULL,NULL,NULL,NULL,NULL,0.67,NULL,NULL,NULL,NULL,NULL,NULL,0
6f8b7570-63e2-499a-85ac-e3cf1bd56022,Ohio State,1/22/17,NULL,NULL,NULL,NULL,NULL,NULL,NULL,NULL,NULL,NULL,NULL,NULL,NULL,NULL,NULL,NULL,NULL,0.67,NULL,NULL,NULL,NULL,NULL,NULL,0
6f8b7570-63e2-499a-85ac-e3cf1bd56022,Nebraska,1/26/17,NULL,NULL,NULL,NULL,NULL,NULL,NULL,NULL,NULL,NULL,NULL,NULL,NULL,NULL,NULL,NULL,NULL,0.67,NULL,NULL,NULL,NULL,NULL,NULL,0
6f8b7570-63e2-499a-85ac-e3cf1bd56022,Indiana,1/29/17,NULL,NULL,NULL,NULL,NULL,NULL,NULL,NULL,NULL,NULL,NULL,NULL,NULL,NULL,NULL,NULL,NULL,0.67,NULL,NULL,NULL,NULL,NULL,NULL,0
6f8b7570-63e2-499a-85ac-e3cf1bd56022,Purdue,2/1/17,NULL,NULL,NULL,NULL,NULL,NULL,NULL,NULL,NULL,NULL,NULL,NULL,NULL,NULL,NULL,NULL,NULL,0.67,NULL,NULL,NULL,NULL,NULL,NULL,0
6f8b7570-63e2-499a-85ac-e3cf1bd56022,Illinois,2/7/17,NULL,NULL,NULL,NULL,NULL,NULL,NULL,NULL,NULL,NULL,NULL,NULL,NULL,NULL,NULL,NULL,NULL,0.67,NULL,NULL,NULL,NULL,NULL,NULL,0
6f8b7570-63e2-499a-85ac-e3cf1bd56022,Wisconsin,2/12/17,NULL,NULL,NULL,NULL,NULL,NULL,NULL,NULL,NULL,NULL,NULL,NULL,NULL,NULL,NULL,NULL,NULL,0.67,NULL,NULL,NULL,NULL,NULL,NULL,0
6f8b7570-63e2-499a-85ac-e3cf1bd56022,Maryland,2/15/17,NULL,NULL,NULL,NULL,NULL,NULL,NULL,NULL,NULL,NULL,NULL,NULL,NULL,NULL,NULL,NULL,NULL,0.67,NULL,NULL,NULL,NULL,NULL,NULL,0
6f8b7570-63e2-499a-85ac-e3cf1bd56022,Rutgers,2/18/17,NULL,NULL,NULL,NULL,NULL,NULL,NULL,NULL,NULL,NULL,NULL,NULL,NULL,NULL,NULL,NULL,NULL,0.67,NULL,NULL,NULL,NULL,NULL,NULL,0
6f8b7570-63e2-499a-85ac-e3cf1bd56022,Illinois,2/21/17,NULL,NULL,NULL,NULL,NULL,NULL,NULL,NULL,NULL,NULL,NULL,NULL,NULL,NULL,NULL,NULL,NULL,0.67,NULL,NULL,NULL,NULL,NULL,NULL,0
6f8b7570-63e2-499a-85ac-e3cf1bd56022,Indiana,2/25/17,NULL,NULL,NULL,NULL,NULL,NULL,NULL,NULL,NULL,NULL,NULL,NULL,NULL,NULL,NULL,NULL,NULL,0.67,NULL,NULL,NULL,NULL,NULL,NULL,0
6f8b7570-63e2-499a-85ac-e3cf1bd56022,Michigan,3/1/17,NULL,NULL,NULL,NULL,NULL,NULL,NULL,NULL,NULL,NULL,NULL,NULL,NULL,NULL,NULL,NULL,NULL,0.67,NULL,NULL,NULL,NULL,NULL,NULL,0
6f8b7570-63e2-499a-85ac-e3cf1bd56022,Purdue,3/5/17,NULL,NULL,NULL,NULL,NULL,NULL,NULL,NULL,NULL,NULL,NULL,NULL,NULL,NULL,NULL,NULL,NULL,0.67,NULL,NULL,NULL,NULL,NULL,NULL,0
6f8b7570-63e2-499a-85ac-e3cf1bd56022,Rutgers,3/9/17,NULL,NULL,NULL,NULL,NULL,NULL,NULL,NULL,NULL,NULL,NULL,NULL,NULL,NULL,NULL,NULL,NULL,0.67,NULL,NULL,NULL,NULL,NULL,NULL,0
6f8b7570-63e2-499a-85ac-e3cf1bd56022,Maryland,3/10/17,NULL,NULL,NULL,NULL,NULL,NULL,NULL,NULL,NULL,NULL,NULL,NULL,NULL,NULL,NULL,NULL,NULL,0.67,NULL,NULL,NULL,NULL,NULL,NULL,0
6f8b7570-63e2-499a-85ac-e3cf1bd56022,Wisconsin,3/11/17,NULL,NULL,NULL,NULL,NULL,NULL,NULL,NULL,NULL,NULL,NULL,NULL,NULL,NULL,NULL,NULL,NULL,0.67,NULL,NULL,NULL,NULL,NULL,NULL,0
6f8b7570-63e2-499a-85ac-e3cf1bd56022,Total,NULL,NULL,20,0,3,0,0,3,0,0,0,NULL,0,6,0,NULL,NULL,2,0.67,1,3,1,1,0,0,0