Date,id,How_prepared_do_you_feel_PHYSICALLY_for_todays_workouts?,What_is_your_SORENESS_level_today?,How_was_your_ENERGY_over_the_past_24_hours?,What_was_your_STRESS_level_over_the_past_24_hours?,Did_you_meet_your_NUTRITION_goals_in_the_past_24_hours?,Hours_Slept,Wellness_Score,Weekly_Wellness_Average,Wellness_Mean,Wellness_Stddev,Wellness_Z-Score,Physical_Prep_Score,Physical_Prep_Mean,Physical_Prep_Stddev,Physical_Prep_Z-Score,Soreness_Score,Soreness_Mean,Soreness_Stddev,Soreness_Z-Score,Stress_Score,Stress_Mean,Stress_Stddev,Stress_Z-Score,Nutrition_Score,Nutrition_Mean,Nutrition_Stddev,Nutrition_Z-Score,Energy_Score,Compliance,7_Day_Compliance
10/23/17,6f8b7570-63e2-499a-85ac-e3cf1bd56022,2,3,5,7,3,8,20,20,20,0,,2,2,0,,3,3,0,,7,7,0,,3,,,,5,1,14
10/24/17,6f8b7570-63e2-499a-85ac-e3cf1bd56022,3,5,6,6,2,8,22,21,21,1.4,0.71,3,2.5,0.7,0.71,5,4,1.4,0.71,6,6.5,0.7,-0.71,2,,,,6,1,29
10/25/17,6f8b7570-63e2-499a-85ac-e3cf1bd56022,2,5,5,7,4,6,23,22,21.7,1.5,0.87,2,2.3,0.6,-0.5,5,4.3,1.2,0.58,7,6.7,0.6,0.5,4,,,,5,1,43
10/26/17,6f8b7570-63e2-499a-85ac-e3cf1bd56022,3,4,3,3,2,7,15,20,20,3.6,-1.39,3,2.5,0.6,0.83,4,4.2,1,-0.2,3,5.8,1.9,-1.47,2,,,,3,1,57
11/3/17,6f8b7570-63e2-499a-85ac-e3cf1bd56022,3,3,2,3,2,9,13,13,18.6,4.4,-1.27,3,2.6,0.5,0.8,3,4,1,-1,3,5.2,2,-1.1,2,,,,2,1,14
11/4/17,6f8b7570-63e2-499a-85ac-e3cf1bd56022,3,4,3,2,3,8,15,14,18,4.2,-0.71,3,2.7,0.5,0.6,4,4,0.9,0,2,4.7,2.3,-1.17,3,,,,3,1,29
11/7/17,6f8b7570-63e2-499a-85ac-e3cf1bd56022,3,5,3,4,2,7,17,15,17.9,3.8,-0.24,3,2.7,0.5,0.6,5,4.1,0.9,1,4,4.6,2.1,-0.29,2,,,,3,1,43
11/9/17,6f8b7570-63e2-499a-85ac-e3cf1bd56022,1,6,3,5,3,8,27,18,19,4.8,1.67,10,3.6,2.6,2.46,6,4.4,1.1,1.45,5,4.6,1.9,0.21,3,,,,3,1,57
11/21/17,6f8b7570-63e2-499a-85ac-e3cf1bd56022,2,5,2,3,2,8,14,14,17.7,5.3,-0.7,2,3.7,2.8,-0.61,5,4.6,1,0.4,3,3.9,1.7,-0.53,2,,,,2,1,14
11/22/17,6f8b7570-63e2-499a-85ac-e3cf1bd56022,2,3,3,3,3,7,14,14,16.4,4.8,-0.5,2,3.7,2.8,-0.61,3,4.3,1.1,-1.18,3,3.3,1,-0.3,3,,,,3,1,29
11/23/17,6f8b7570-63e2-499a-85ac-e3cf1bd56022,3,5,2,2,3,7,15,14,16.4,4.8,-0.29,3,3.7,2.8,-0.25,5,4.4,1.1,0.55,2,3.1,1.1,-1,3,,,,2,1,43
11/24/17,6f8b7570-63e2-499a-85ac-e3cf1bd56022,2,4,10,2,2,8,11,14,15.8,4.9,-0.98,2,3.5,2.7,-0.56,4,4.4,1.1,-0.36,2,3,1.1,-0.91,2,,,,1,1,57
11/26/17,6f8b7570-63e2-499a-85ac-e3cf1bd56022,3,4,2,0,4,8,14,14,15.6,4.6,-0.35,3,3.4,2.5,-0.16,4,4.3,1,-0.3,1,2.8,1.2,-1.5,4,,,,2,1,71
11/27/17,6f8b7570-63e2-499a-85ac-e3cf1bd56022,3,3,3,3,3,7,15,14,15.5,4.3,-0.12,3,3.4,2.4,-0.17,3,4.2,1,-1.2,3,2.8,1.1,0.18,3,,,,3,1,86
11/28/17,6f8b7570-63e2-499a-85ac-e3cf1bd56022,3,4,3,0,2,8,13,14,15.3,4.2,-0.55,3,3.4,2.2,-0.18,4,4.2,1,-0.2,1,2.6,1.2,-1.33,2,,,,3,1,86
11/29/17,6f8b7570-63e2-499a-85ac-e3cf1bd56022,4,5,3,6,4,5,22,15,15.8,4.4,1.41,4,3.4,2.2,0.27,5,4.2,1,0.8,6,2.9,1.5,2.07,4,,,,3,1,86
11/30/17,6f8b7570-63e2-499a-85ac-e3cf1bd56022,3,4,3,3,3,8,16,15,15.8,4.2,0.05,3,3.4,2.1,-0.19,4,4.2,0.9,-0.22,3,2.9,1.4,0.07,3,,,,3,1,86
12/1/17,6f8b7570-63e2-499a-85ac-e3cf1bd56022,2,3,4,4,3,9,16,16,16.1,4.2,-0.02,2,3.3,2.1,-0.62,3,4.2,0.9,-1.33,4,3,1.5,0.67,3,,,,4,1,86
12/2/17,6f8b7570-63e2-499a-85ac-e3cf1bd56022,5,5,3,3,2,6,18,16,16.3,4.2,0.4,5,3.5,2.1,0.71,5,4.3,0.9,0.78,3,3.1,1.4,-0.07,2,,,,3,1,100
12/3/17,6f8b7570-63e2-499a-85ac-e3cf1bd56022,2,4,3,3,2,8,14,16,16,3.9,-0.51,2,3.3,2.1,-0.62,4,4.2,0.9,-0.22,3,3.1,1.4,-0.07,2,,,,3,1,114
12/3/17,6f8b7570-63e2-499a-85ac-e3cf1bd56022,2,3,3,4,2,8,14,16,16,3.9,-0.51,2,3.3,2.1,-0.62,3,4.2,0.9,-1.33,4,3.1,1.4,0.64,2,,,,3,1,114
12/7/17,6f8b7570-63e2-499a-85ac-e3cf1bd56022,3,6,3,0,3,7,16,16,15.1,2.6,0.35,3,2.8,0.9,0.22,6,4.1,0.9,2.11,1,2.8,1.4,-1.29,3,,,,3,1,71
12/8/17,6f8b7570-63e2-499a-85ac-e3cf1bd56022,6,8,3,0,3,9,21,17,15.5,2.9,1.9,6,3,1.2,2.5,8,4.4,1.4,2.57,1,2.7,1.4,-1.21,3,,,,3,1,71
12/9/17,6f8b7570-63e2-499a-85ac-e3cf1bd56022,3,4,3,2,3,8,15,16,15.5,2.8,-0.18,3,3,1.2,0,4,4.4,1.3,-0.31,2,2.6,1.4,-0.43,3,,,,3,1,71
12/10/17,6f8b7570-63e2-499a-85ac-e3cf1bd56022,3,3,3,3,3,9,15,17,15.5,2.7,-0.19,3,3,1.1,0,3,4.3,1.3,-1,3,2.6,1.3,0.31,3,,,,3,1,57
12/11/17,6f8b7570-63e2-499a-85ac-e3cf1bd56022,3,3,4,0,2,8,13,16,15.3,2.7,-0.85,3,3,1.1,0,3,4.2,1.3,-0.92,1,2.6,1.3,-1.23,2,,,,4,1,71
12/13/17,6f8b7570-63e2-499a-85ac-e3cf1bd56022,3,3,2,0,3,8,12,15,15.2,2.7,-1.19,3,3,1.1,0,3,4.2,1.3,-0.92,1,2.5,1.3,-1.15,3,,,,2,1,86
12/14/17,6f8b7570-63e2-499a-85ac-e3cf1bd56022,3,4,3,0,3,8,14,15,15.1,2.7,-0.41,3,3,1,0,4,4.2,1.3,-0.15,1,2.4,1.4,-1,3,,,,3,1,86
12/18/17,6f8b7570-63e2-499a-85ac-e3cf1bd56022,3,2,4,3,4,9,16,14,15.1,2.6,0.35,3,3,1,0,2,4,1.3,-1.54,3,2.4,1.3,0.46,4,,,,4,1,43
12/19/17,6f8b7570-63e2-499a-85ac-e3cf1bd56022,3,4,3,3,2,8,15,14,15.2,2.6,-0.08,3,3,1,0,4,4,1.3,0,3,2.4,1.3,0.46,2,,,,3,1,57
12/20/17,6f8b7570-63e2-499a-85ac-e3cf1bd56022,4,5,3,3,4,7,19,16,15.4,2.7,1.33,4,3.1,1,0.9,5,4.1,1.3,0.69,3,2.4,1.3,0.46,4,,,,3,1,57
12/21/17,6f8b7570-63e2-499a-85ac-e3cf1bd56022,3,4,3,3,4,8,17,17,15.5,2.7,0.56,3,3.1,1,-0.1,4,4,1.3,0,3,2.5,1.3,0.38,4,,,,3,1,57
12/22/17,6f8b7570-63e2-499a-85ac-e3cf1bd56022,3,5,4,3,2,7,17,17,15.8,2.5,0.48,3,3.2,0.9,-0.22,5,4.1,1.3,0.69,3,2.5,1.3,0.38,2,,,,4,1,71
12/26/17,6f8b7570-63e2-499a-85ac-e3cf1bd56022,4,3,5,4,3,6,19,18,16.3,2.6,1.04,4,3.3,1,0.7,3,4.1,1.4,-0.79,4,2.7,1.3,1,3,,,,5,1,57
12/29/17,6f8b7570-63e2-499a-85ac-e3cf1bd56022,3,4,3,4,4,8,18,18,16.1,2.4,0.79,3,3.3,1,-0.3,4,4.1,1.4,-0.07,4,2.5,1.1,1.36,4,,,,3,1,29
12/31/17,6f8b7570-63e2-499a-85ac-e3cf1bd56022,4,5,3,4,4,8,20,19,16.5,2.6,1.35,4,3.4,0.8,0.75,5,4.2,1.5,0.53,4,2.5,1.2,1.25,4,,,,3,1,43
1/2/18,6f8b7570-63e2-499a-85ac-e3cf1bd56022,3,4,3,5,3,10,18,19,16.6,2.5,0.56,3,3.4,0.8,-0.5,4,4.2,1.4,-0.14,5,2.6,1.3,1.85,3,,,,3,1,43
1/3/18,6f8b7570-63e2-499a-85ac-e3cf1bd56022,5,4,4,5,3,8,21,19,16.8,2.7,1.56,5,3.5,0.9,1.67,4,4.2,1.4,-0.14,5,2.8,1.4,1.57,3,,,,4,1,57
1/4/18,6f8b7570-63e2-499a-85ac-e3cf1bd56022,4,4,3,4,4,8,19,19,17,2.7,0.74,4,3.5,0.9,0.56,4,4.1,1.3,-0.08,4,2.9,1.3,0.85,4,,,,3,1,71
1/5/18,6f8b7570-63e2-499a-85ac-e3cf1bd56022,4,3,5,2,3,8,17,19,16.8,2.5,0.08,4,3.4,0.6,1,3,3.8,0.8,-1,2,3,1.3,-0.77,3,,,,5,1,71
1/7/18,6f8b7570-63e2-499a-85ac-e3cf1bd56022,5,3,5,5,4,8,22,19,17.3,2.8,1.68,5,3.6,0.7,2,3,3.8,0.9,-0.89,5,3.2,1.4,1.29,4,,,,5,1,71
1/8/18,6f8b7570-63e2-499a-85ac-e3cf1bd56022,4,5,4,4,3,9,20,20,17.8,2.6,0.85,4,3.6,0.7,0.57,5,3.9,0.9,1.22,4,3.4,1.3,0.46,3,,,,4,1,86
1/9/18,6f8b7570-63e2-499a-85ac-e3cf1bd56022,4,5,4,3,4,8,20,20,17.9,2.6,0.81,4,3.6,0.7,0.57,5,3.9,0.9,1.22,3,3.4,1.2,-0.33,4,,,,4,1,86
1/12/18,6f8b7570-63e2-499a-85ac-e3cf1bd56022,4,3,4,4,3,9,18,20,18.5,1.9,-0.26,4,3.8,0.7,0.29,3,3.9,0.9,-1,4,3.7,0.9,0.33,3,,,,4,1,57
1/13/18,6f8b7570-63e2-499a-85ac-e3cf1bd56022,4,5,4,3,3,8,19,20,18.5,1.8,0.28,4,3.8,0.7,0.29,5,4,0.9,1.11,3,3.6,0.9,-0.67,3,,,,4,1,71
1/15/18,6f8b7570-63e2-499a-85ac-e3cf1bd56022,4,5,5,4,3,9,21,20,18.8,1.8,1.22,4,3.8,0.6,0.33,5,4.2,0.8,1,4,3.7,0.8,0.37,3,,,,5,1,57
1/16/18,6f8b7570-63e2-499a-85ac-e3cf1bd56022,3,4,3,4,3,8,17,19,18.9,1.6,-1.19,3,3.8,0.6,-1.33,4,4.2,0.8,-0.25,4,3.8,0.8,0.25,3,,,,3,1,57
1/18/18,6f8b7570-63e2-499a-85ac-e3cf1bd56022,3,5,3,4,3,8,18,19,19,1.5,-0.67,3,3.8,0.7,-1.14,5,4.2,0.8,1,4,3.9,0.8,0.13,3,,,,3,1,71
1/19/18,6f8b7570-63e2-499a-85ac-e3cf1bd56022,5,6,4,4,3,9,22,19,19.3,1.6,1.69,5,3.9,0.7,1.57,6,4.2,0.9,2,4,3.9,0.8,0.13,3,,,,4,1,71
1/20/18,6f8b7570-63e2-499a-85ac-e3cf1bd56022,4,5,4,3,3,9,19,19,19.3,1.6,-0.19,4,3.9,0.7,0.14,5,4.3,0.9,0.78,3,3.9,0.8,-1.12,3,,,,4,1,71
1/22/18,6f8b7570-63e2-499a-85ac-e3cf1bd56022,4,4,4,4,5,11,21,19,19.4,1.6,1,4,3.9,0.6,0.17,4,4.3,0.9,-0.33,4,3.9,0.8,0.13,5,,,,4,1,71
1/23/18,6f8b7570-63e2-499a-85ac-e3cf1bd56022,3,4,3,4,4,8,18,20,19.3,1.6,-0.81,3,3.9,0.7,-1.29,4,4.3,0.8,-0.37,4,3.9,0.8,0.13,4,,,,3,1,71
1/26/18,6f8b7570-63e2-499a-85ac-e3cf1bd56022,4,5,3,4,4,7,20,20,19.4,1.6,0.38,4,3.9,0.6,0.17,5,4.4,0.8,0.75,4,3.9,0.8,0.13,4,,,,3,1,57
1/27/18,6f8b7570-63e2-499a-85ac-e3cf1bd56022,3,4,3,5,4,8,19,20,19.4,1.5,-0.27,3,3.9,0.7,-1.29,4,4.4,0.8,-0.5,5,3.9,0.8,1.38,4,,,,3,1,57
1/28/18,6f8b7570-63e2-499a-85ac-e3cf1bd56022,4,4,4,5,4,11,21,20,19.5,1.6,0.94,4,3.9,0.7,0.14,4,4.3,0.8,-0.37,5,4,0.8,1.25,4,,,,4,1,71
1/29/18,6f8b7570-63e2-499a-85ac-e3cf1bd56022,4,3,4,3,3,8,17,19,19.4,1.6,-1.5,4,3.9,0.6,0.17,3,4.2,0.9,-1.33,3,4,0.8,-1.25,3,,,,4,1,71
1/30/18,6f8b7570-63e2-499a-85ac-e3cf1bd56022,3,4,4,3,4,7,18,19,19.4,1.6,-0.87,3,3.9,0.6,-1.5,4,4.2,0.9,-0.22,3,3.9,0.8,-1.12,4,,,,4,1,71
1/31/18,6f8b7570-63e2-499a-85ac-e3cf1bd56022,4,3,4,4,4,6,19,19,19.2,1.6,-0.12,4,3.9,0.6,0.17,3,4.2,0.9,-1.33,4,3.8,0.8,0.25,4,,,,4,1,86
2/3/18,6f8b7570-63e2-499a-85ac-e3cf1bd56022,4,3,4,4,4,10,19,19,19.4,1.5,-0.27,4,3.8,0.6,0.33,3,4.2,0.9,-1.33,4,3.9,0.7,0.14,4,,,,4,1,71
2/4/18,6f8b7570-63e2-499a-85ac-e3cf1bd56022,4,3,4,4,4,8,19,18,19.2,1.4,-0.14,4,3.8,0.5,0.4,3,4.2,0.9,-1.33,4,3.8,0.6,0.33,4,,,,4,1,71
2/5/18,6f8b7570-63e2-499a-85ac-e3cf1bd56022,3,2,3,9,3,7,20,19,19.2,1.4,0.57,3,3.7,0.6,-1.17,2,4.1,1,-2.1,9,4.1,1.3,3.77,3,,,,3,1,71
2/6/18,6f8b7570-63e2-499a-85ac-e3cf1bd56022,4,3,4,3,3,8,17,19,19.1,1.5,-1.4,4,3.7,0.6,0.5,3,3.9,1,-0.9,3,4.1,1.3,-0.85,3,,,,4,1,71
2/8/18,6f8b7570-63e2-499a-85ac-e3cf1bd56022,3,4,5,4,3,8,19,19,19.1,1.4,-0.07,3,3.7,0.6,-1.17,4,4,1,0,4,4.1,1.3,-0.08,3,,,,5,1,71
2/10/18,6f8b7570-63e2-499a-85ac-e3cf1bd56022,4,2,3,3,4,8,16,18,18.9,1.6,-1.81,4,3.7,0.6,0.5,2,3.8,1.1,-1.64,3,4.1,1.3,-0.85,4,,,,3,1,71
2/12/18,6f8b7570-63e2-499a-85ac-e3cf1bd56022,5,3,4,4,4,8,20,18,18.9,1.6,0.69,5,3.7,0.7,1.86,3,3.7,1,-0.7,4,4.1,1.3,-0.08,4,,,,4,1,57
2/13/18,6f8b7570-63e2-499a-85ac-e3cf1bd56022,4,4,3,4,3,9,18,18,18.9,1.5,-0.6,4,3.8,0.6,0.33,4,3.7,1,0.3,4,4.1,1.3,-0.08,3,,,,3,1,57
2/15/18,6f8b7570-63e2-499a-85ac-e3cf1bd56022,4,3,5,5,5,7,22,19,19.2,1.6,1.75,4,3.8,0.6,0.33,3,3.6,1,-0.6,5,4.2,1.3,0.62,5,,,,5,1,57
2/16/18,6f8b7570-63e2-499a-85ac-e3cf1bd56022,4,4,4,3,4,7,19,19,19,1.5,0,4,3.8,0.5,0.4,4,3.5,0.8,0.62,3,4.1,1.4,-0.79,4,,,,4,1,71
2/17/18,6f8b7570-63e2-499a-85ac-e3cf1bd56022,4,3,3,4,3,8,17,19,18.9,1.6,-1.19,4,3.8,0.5,0.4,3,3.4,0.8,-0.5,4,4.2,1.3,-0.15,3,,,,3,1,71
2/19/18,6f8b7570-63e2-499a-85ac-e3cf1bd56022,3,3,4,5,4,9,19,19,18.8,1.5,0.13,3,3.7,0.6,-1.17,3,3.4,0.8,-0.5,5,4.2,1.4,0.57,4,,,,4,1,71
2/21/18,6f8b7570-63e2-499a-85ac-e3cf1bd56022,4,3,4,5,4,6,20,19,18.9,1.5,0.73,4,3.8,0.5,0.4,3,3.3,0.7,-0.43,5,4.3,1.4,0.5,4,,,,4,1,71
2/22/18,6f8b7570-63e2-499a-85ac-e3cf1bd56022,4,3,4,4,4,8,19,19,18.9,1.4,0.07,4,3.8,0.5,0.4,3,3.3,0.7,-0.43,4,4.2,1.3,-0.15,4,,,,4,1,71
2/25/18,6f8b7570-63e2-499a-85ac-e3cf1bd56022,4,4,4,3,5,8,20,20,18.8,1.4,0.86,4,3.8,0.5,0.4,4,3.2,0.6,1.33,3,4.1,1.4,-0.79,5,,,,4,1,57
2/27/18,6f8b7570-63e2-499a-85ac-e3cf1bd56022,4,3,4,4,5,9,20,20,19,1.4,0.71,4,3.9,0.5,0.2,3,3.1,0.6,-0.17,4,4.2,1.4,-0.14,5,,,,4,1,57
3/1/18,6f8b7570-63e2-499a-85ac-e3cf1bd56022,3,5,4,6,3,8,21,20,19.1,1.5,1.27,3,3.8,0.5,-1.6,5,3.2,0.8,2.25,6,4.4,1.5,1.07,3,,,,4,1,43
5/7/18,6f8b7570-63e2-499a-85ac-e3cf1bd56022,2,3,3,0,3,7,12,12,12,0,,2,2,0,,3,3,0,,1,1,0,,3,3,0,,3,1,14
5/8/18,6f8b7570-63e2-499a-85ac-e3cf1bd56022,2,3,2,2,2,8,11,12,11.5,0.7,-0.71,2,2,0,,3,3,0,,2,1.5,0.7,0.71,2,2.5,0.7,-0.71,2,1,29
5/10/18,6f8b7570-63e2-499a-85ac-e3cf1bd56022,2,2,2,2,3,7,11,11,11.3,0.6,-0.5,2,2,0,,2,2.7,0.6,-1.17,2,1.7,0.6,0.5,3,2.7,0.6,0.5,2,1,43
5/14/18,6f8b7570-63e2-499a-85ac-e3cf1bd56022,2,2,3,3,2,7,12,11,11.5,0.6,0.83,2,2,0,,2,2.5,0.6,-0.83,3,2,0.8,1.25,2,2.5,0.6,-0.83,3,1,43
5/15/18,6f8b7570-63e2-499a-85ac-e3cf1bd56022,2,2,2,2,2,7,10,11,11.2,0.8,-1.5,2,2,0,,2,2.4,0.5,-0.8,2,2,0.7,0,2,2.4,0.5,-0.8,2,1,43
5/17/18,6f8b7570-63e2-499a-85ac-e3cf1bd56022,2,3,3,3,2,7,13,12,11.5,1,1.5,2,2,0,,3,2.5,0.5,1,3,2.2,0.8,1,2,2.3,0.5,-0.6,3,1,43
5/18/18,6f8b7570-63e2-499a-85ac-e3cf1bd56022,3,3,4,5,3,6,18,13,12.4,2.6,2.15,3,2.1,0.4,2.25,3,2.6,0.5,0.8,5,2.6,1.3,1.85,3,2.4,0.5,1.2,4,1,57
5/21/18,6f8b7570-63e2-499a-85ac-e3cf1bd56022,2,2,3,3,3,7,13,14,12.5,2.4,0.21,2,2.1,0.4,-0.25,2,2.5,0.5,-1,3,2.6,1.2,0.33,3,2.5,0.5,1,3,1,57
5/23/18,6f8b7570-63e2-499a-85ac-e3cf1bd56022,2,2,3,3,3,6,13,14,12.6,2.3,0.17,2,2.1,0.3,-0.33,2,2.4,0.5,-0.8,3,2.7,1.1,0.27,3,2.6,0.5,0.8,3,1,57
5/29/18,6f8b7570-63e2-499a-85ac-e3cf1bd56022,3,2,3,3,2,7,13,13,12.6,2.2,0.18,3,2.2,0.4,2,2,2.4,0.5,-0.8,3,2.7,1.1,0.27,2,2.5,0.5,-1,3,1,29
5/30/18,6f8b7570-63e2-499a-85ac-e3cf1bd56022,3,2,2,3,3,8,13,13,12.6,2.1,0.19,3,2.3,0.5,1.4,2,2.4,0.5,-0.8,3,2.7,1,0.3,3,2.5,0.5,1,2,1,29
5/31/18,6f8b7570-63e2-499a-85ac-e3cf1bd56022,2,2,3,3,2,6,12,13,12.6,2,-0.3,2,2.2,0.5,-0.4,2,2.3,0.5,-0.6,3,2.8,1,0.2,2,2.5,0.5,-1,3,1,43
6/1/18,6f8b7570-63e2-499a-85ac-e3cf1bd56022,3,2,3,2,3,7,13,13,12.6,1.9,0.21,3,2.3,0.5,1.4,2,2.3,0.5,-0.6,2,2.7,0.9,-0.78,3,2.5,0.5,1,3,1,57
10/23/17,f7964398-11c7-4287-9578-2698d6240e00,8,2,4,0,4,7.3,19,19,19,0,,8,8,0,,2,2,0,,1,1,0,,4,,,,4,1,14
10/24/17,f7964398-11c7-4287-9578-2698d6240e00,3,2,4,0,4,8.2,14,16,16.5,3.5,-0.71,3,5.5,3.5,-0.71,2,2,0,,1,1,0,,4,,,,4,1,29
10/25/17,f7964398-11c7-4287-9578-2698d6240e00,2,0,2,0,10,8,7,13,13.3,6,-1.05,2,4.3,3.2,-0.72,1,1.7,0.6,-1.17,1,1,0,,1,,,,2,1,43
10/26/17,f7964398-11c7-4287-9578-2698d6240e00,3,2,3,0,3,7,12,13,13,5,-0.2,3,4,2.7,-0.37,2,1.8,0.5,0.4,1,1,0,,3,,,,3,1,57
10/27/17,f7964398-11c7-4287-9578-2698d6240e00,3,0,4,0,6,7.3,15,13,13.4,4.4,0.36,3,3.8,2.4,-0.33,1,1.6,0.5,-1.2,1,1,0,,6,,,,4,1,71
10/28/17,f7964398-11c7-4287-9578-2698d6240e00,10,0,10,0,10,8,5,12,12,5.2,-1.35,1,3.3,2.4,-0.96,1,1.5,0.5,-1,1,1,0,,1,,,,1,1,86
10/30/17,f7964398-11c7-4287-9578-2698d6240e00,10,0,2,0,2,6,7,10,11.3,5.1,-0.84,1,3,2.4,-0.83,1,1.4,0.5,-0.8,1,1,0,,2,,,,2,1,86
10/31/17,f7964398-11c7-4287-9578-2698d6240e00,2,3,2,0,3,8.2,11,10,11.2,4.7,-0.04,2,2.9,2.2,-0.41,3,1.6,0.7,2,1,1,0,,3,,,,2,1,86
11/1/17,f7964398-11c7-4287-9578-2698d6240e00,10,0,3,0,3,8.3,9,10,11,4.5,-0.44,1,2.7,2.2,-0.77,1,1.6,0.7,-0.86,1,1,0,,3,,,,3,1,86
11/2/17,f7964398-11c7-4287-9578-2698d6240e00,10,0,10,0,10,8.3,5,9,10.4,4.6,-1.17,1,2.5,2.1,-0.71,1,1.5,0.7,-0.71,1,1,0,,1,,,,1,1,86
11/3/17,f7964398-11c7-4287-9578-2698d6240e00,2,0,3,0,10,8,8,8,10.2,4.5,-0.49,2,2.5,2,-0.25,1,1.5,0.7,-0.71,1,1,0,,1,,,,3,1,86
11/4/17,f7964398-11c7-4287-9578-2698d6240e00,10,3,10,0,2,8.3,8,8,10,4.3,-0.47,1,2.3,2,-0.65,3,1.6,0.8,1.75,1,1,0,,2,,,,1,1,86
11/7/17,f7964398-11c7-4287-9578-2698d6240e00,10,0,10,0,10,8.3,5,7,9.6,4.4,-1.05,1,2.2,1.9,-0.63,1,1.5,0.8,-0.62,1,1,0,,1,,,,1,1,71
11/8/17,f7964398-11c7-4287-9578-2698d6240e00,10,4,2,0,3,8.3,11,7,9.7,4.2,0.31,1,2.1,1.9,-0.58,4,1.7,1,2.3,1,1,0,,3,,,,2,1,71
11/9/17,f7964398-11c7-4287-9578-2698d6240e00,10,3,10,0,2,8.3,8,8,9.6,4.1,-0.39,1,2.1,1.8,-0.61,3,1.8,1,1.2,1,1,0,,2,,,,1,1,71
11/12/17,f7964398-11c7-4287-9578-2698d6240e00,3,3,10,0,2,8.3,10,8,9.6,3.9,0.1,3,2.1,1.8,0.5,3,1.9,1,1.1,1,1,0,,2,,,,1,1,57
11/21/17,f7964398-11c7-4287-9578-2698d6240e00,2,2,3,0,4,8.5,12,12,8.9,2.9,1.07,2,1.7,0.8,0.38,2,1.9,1.1,0.09,1,1,0,,4,,,,3,1,14
11/22/17,f7964398-11c7-4287-9578-2698d6240e00,2,0,2,0,3,8.3,9,10,9,2.9,0,2,1.7,0.8,0.38,1,1.9,1.1,-0.82,1,1,0,,3,,,,2,1,29
11/23/17,f7964398-11c7-4287-9578-2698d6240e00,2,0,2,0,3,8,9,10,8.8,2.8,0.07,2,1.6,0.7,0.57,1,1.8,1.1,-0.73,1,1,0,,3,,,,2,1,43
11/24/17,f7964398-11c7-4287-9578-2698d6240e00,10,0,3,0,10,8.4,7,9,8.3,2.2,-0.59,1,1.5,0.6,-0.83,1,1.8,1.1,-0.73,1,1,0,,1,,,,3,1,57
11/26/17,f7964398-11c7-4287-9578-2698d6240e00,2,0,2,0,2,8.4,8,9,8.5,2,-0.25,2,1.5,0.6,0.83,1,1.8,1.1,-0.73,1,1,0,,2,,,,2,1,71
11/27/17,f7964398-11c7-4287-9578-2698d6240e00,2,0,2,0,3,8.3,9,9,8.6,2,0.2,2,1.6,0.6,0.67,1,1.8,1.1,-0.73,1,1,0,,3,,,,2,1,86
11/28/17,f7964398-11c7-4287-9578-2698d6240e00,10,0,10,0,10,8.3,5,8,8.2,2.1,-1.52,1,1.5,0.6,-0.83,1,1.7,1,-0.7,1,1,0,,1,,,,1,1,86
11/29/17,f7964398-11c7-4287-9578-2698d6240e00,10,0,2,0,2,8.3,7,8,8.1,2.1,-0.52,1,1.5,0.6,-0.83,1,1.7,1,-0.7,1,1,0,,2,,,,2,1,86
11/30/17,f7964398-11c7-4287-9578-2698d6240e00,2,0,2,0,10,8.3,7,7,8.2,1.9,-0.63,2,1.6,0.6,0.67,1,1.7,1,-0.7,1,1,0,,1,,,,2,1,86
12/1/17,f7964398-11c7-4287-9578-2698d6240e00,10,0,3,0,10,9,7,7,8.1,2,-0.55,1,1.5,0.6,-0.83,1,1.7,1,-0.7,1,1,0,,1,,,,3,1,86
12/2/17,f7964398-11c7-4287-9578-2698d6240e00,10,0,10,0,10,8,5,7,7.9,2.1,-1.38,1,1.5,0.6,-0.83,1,1.5,1,-0.5,1,1,0,,1,,,,1,1,100
12/3/17,f7964398-11c7-4287-9578-2698d6240e00,10,0,10,0,10,9,5,6,7.8,2.2,-1.27,1,1.5,0.6,-0.83,1,1.5,1,-0.5,1,1,0,,1,,,,1,1,100
12/7/17,f7964398-11c7-4287-9578-2698d6240e00,2,2,3,4,2,8,13,8,8.1,2.5,1.96,2,1.6,0.6,0.67,2,1.3,0.6,1.17,4,1.2,0.8,3.5,2,,,,3,1,57
12/8/17,f7964398-11c7-4287-9578-2698d6240e00,3,3,2,0,10,8.3,10,8,8.2,2.4,0.75,3,1.7,0.7,1.86,3,1.4,0.7,2.29,1,1.2,0.8,-0.25,1,,,,2,1,57
12/9/17,f7964398-11c7-4287-9578-2698d6240e00,3,3,3,0,3,8,13,10,8.5,2.6,1.73,3,1.8,0.8,1.5,3,1.5,0.8,1.88,1,1.2,0.8,-0.25,3,,,,3,1,57
12/10/17,f7964398-11c7-4287-9578-2698d6240e00,2,2,3,0,2,9,10,12,8.5,2.6,0.58,2,1.8,0.7,0.29,2,1.4,0.7,0.86,1,1.2,0.8,-0.25,2,,,,3,1,57
12/11/17,f7964398-11c7-4287-9578-2698d6240e00,10,0,10,0,10,9,5,10,8.3,2.7,-1.22,1,1.7,0.7,-1,1,1.4,0.7,-0.57,1,1.2,0.7,-0.29,1,,,,1,1,71
12/12/17,f7964398-11c7-4287-9578-2698d6240e00,3,3,10,0,10,8.3,9,10,8.3,2.6,0.27,3,1.8,0.7,1.71,3,1.5,0.8,1.88,1,1.2,0.7,-0.29,1,,,,1,1,86
12/13/17,f7964398-11c7-4287-9578-2698d6240e00,3,3,2,0,10,9,10,10,8.4,2.6,0.62,3,1.8,0.8,1.5,3,1.6,0.8,1.75,1,1.2,0.7,-0.29,1,,,,2,1,100
12/14/17,f7964398-11c7-4287-9578-2698d6240e00,10,3,10,0,10,8,7,9,8.3,2.5,-0.52,1,1.8,0.8,-1,3,1.6,0.9,1.56,1,1.1,0.7,-0.14,1,,,,1,1,100
12/18/17,f7964398-11c7-4287-9578-2698d6240e00,10,0,4,0,3,9,10,9,8.4,2.5,0.64,1,1.8,0.8,-1,1,1.6,0.9,-0.67,1,1.1,0.7,-0.14,3,,,,4,1,57
12/19/17,f7964398-11c7-4287-9578-2698d6240e00,10,0,2,0,4,9,9,9,8.3,2.3,0.3,1,1.7,0.8,-0.87,1,1.6,0.9,-0.67,1,1.1,0.7,-0.14,4,,,,2,1,57
12/20/17,f7964398-11c7-4287-9578-2698d6240e00,10,2,5,0,3,8.3,12,10,8.4,2.5,1.44,1,1.7,0.8,-0.87,2,1.6,0.9,0.44,1,1.1,0.7,-0.14,3,,,,5,1,57
12/21/17,f7964398-11c7-4287-9578-2698d6240e00,10,0,3,0,4,8,10,10,8.5,2.5,0.6,1,1.6,0.8,-0.75,1,1.6,0.9,-0.67,1,1.1,0.7,-0.14,4,,,,3,1,57
12/22/17,f7964398-11c7-4287-9578-2698d6240e00,10,3,10,0,10,8,7,10,8.5,2.5,-0.6,1,1.6,0.8,-0.75,3,1.7,0.9,1.44,1,1.1,0.7,-0.14,1,,,,1,1,71
12/26/17,f7964398-11c7-4287-9578-2698d6240e00,3,3,5,0,4,6,16,11,9.1,3,2.3,3,1.7,0.9,1.44,3,1.9,0.9,1.22,1,1.2,0.7,-0.29,4,,,,5,1,57
12/29/17,f7964398-11c7-4287-9578-2698d6240e00,3,4,3,0,3,8,14,15,9.7,3.2,1.34,3,1.8,1,1.2,4,2.2,1,1.8,1,1.2,0.7,-0.29,3,,,,3,1,29
12/31/17,f7964398-11c7-4287-9578-2698d6240e00,10,3,3,0,2,8.3,10,13,10.3,2.8,-0.11,1,1.9,1,-0.9,3,2.4,1,0.6,1,1.2,0.8,-0.25,2,,,,3,1,43
1/2/18,f7964398-11c7-4287-9578-2698d6240e00,10,3,10,0,10,9,7,10,10.1,2.8,-1.11,1,1.8,1,-0.8,3,2.4,0.9,0.67,1,1.2,0.7,-0.29,1,,,,1,1,43
1/3/18,f7964398-11c7-4287-9578-2698d6240e00,2,3,4,0,2,9,12,11,10.2,2.8,0.64,2,1.8,0.9,0.22,3,2.4,0.9,0.67,1,1.2,0.7,-0.29,2,,,,4,1,57
1/4/18,f7964398-11c7-4287-9578-2698d6240e00,3,3,3,0,3,5,13,11,10.2,2.8,1,3,1.9,1,1.1,3,2.5,0.9,0.56,1,1,0,,3,,,,3,1,71
1/5/18,f7964398-11c7-4287-9578-2698d6240e00,10,0,10,0,10,9,5,9,9.9,3,-1.63,1,1.8,0.9,-0.89,1,2.4,1,-1.4,1,1,0,,1,,,,1,1,71
1/7/18,f7964398-11c7-4287-9578-2698d6240e00,2,3,4,0,3,8.3,13,10,9.9,3.1,1,2,1.7,0.9,0.33,3,2.4,1,0.6,1,1,0,,3,,,,4,1,71
1/8/18,f7964398-11c7-4287-9578-2698d6240e00,10,0,3,0,3,7.3,9,10,10.2,2.9,-0.41,1,1.7,0.9,-0.78,1,2.4,1,-1.4,1,1,0,,3,,,,3,1,86
1/9/18,f7964398-11c7-4287-9578-2698d6240e00,10,3,10,0,5,8.3,11,10,10.3,2.9,0.24,1,1.6,0.9,-0.67,3,2.4,1,0.6,1,1,0,,5,,,,1,1,86
1/12/18,f7964398-11c7-4287-9578-2698d6240e00,10,0,4,0,3,8,10,11,10.5,2.8,-0.18,1,1.5,0.8,-0.62,1,2.2,1.1,-1.09,1,1,0,,3,,,,4,1,57
1/13/18,f7964398-11c7-4287-9578-2698d6240e00,10,3,3,0,3,7,11,11,10.5,2.7,0.19,1,1.5,0.8,-0.62,3,2.3,1,0.7,1,1,0,,3,,,,3,1,71
1/15/18,f7964398-11c7-4287-9578-2698d6240e00,10,0,4,3,4,9,13,11,10.7,2.8,0.82,1,1.5,0.8,-0.62,1,2.3,1,-1.3,3,1.1,0.5,3.8,4,,,,4,1,57
1/16/18,f7964398-11c7-4287-9578-2698d6240e00,10,0,2,0,3,8,8,10,10.6,2.8,-0.93,1,1.5,0.8,-0.62,1,2.3,1,-1.3,1,1.1,0.5,-0.2,3,,,,2,1,57
1/18/18,f7964398-11c7-4287-9578-2698d6240e00,3,0,4,0,4,8.5,13,11,10.8,3,0.73,3,1.6,0.9,1.56,1,2.3,1.1,-1.18,1,1.1,0.5,-0.2,4,,,,4,1,71
1/19/18,f7964398-11c7-4287-9578-2698d6240e00,10,0,3,0,4,8,10,11,10.9,2.8,-0.32,1,1.6,0.9,-0.67,1,2.2,1.1,-1.09,1,1.1,0.5,-0.2,4,,,,3,1,71
1/20/18,f7964398-11c7-4287-9578-2698d6240e00,10,0,10,0,10,8.3,5,10,10.6,3.1,-1.81,1,1.6,0.9,-0.67,1,2.1,1.1,-1,1,1.1,0.5,-0.2,1,,,,1,1,71
1/22/18,f7964398-11c7-4287-9578-2698d6240e00,10,0,3,0,3,8,9,9,10.5,3,-0.5,1,1.6,0.9,-0.67,1,2.1,1.1,-1,1,1.1,0.5,-0.2,3,,,,3,1,71
1/23/18,f7964398-11c7-4287-9578-2698d6240e00,10,0,10,0,10,8,5,8,9.9,2.9,-1.69,1,1.4,0.8,-0.5,1,1.9,1.1,-0.82,1,1.1,0.5,-0.2,1,,,,1,1,71
1/26/18,f7964398-11c7-4287-9578-2698d6240e00,3,0,4,3,3,8,14,8,9.9,2.9,1.41,3,1.4,0.8,2,1,1.8,1,-0.8,3,1.2,0.6,3,3,,,,4,1,57
1/27/18,f7964398-11c7-4287-9578-2698d6240e00,3,0,3,0,3,8.3,11,10,9.9,2.9,0.38,3,1.5,0.8,1.88,1,1.7,1,-0.7,1,1.2,0.6,-0.33,3,,,,3,1,57
1/28/18,f7964398-11c7-4287-9578-2698d6240e00,10,0,3,0,3,7.3,9,10,9.9,2.9,-0.31,1,1.5,0.8,-0.62,1,1.6,1,-0.6,1,1.2,0.6,-0.33,3,,,,3,1,71
1/29/18,f7964398-11c7-4287-9578-2698d6240e00,10,0,2,0,10,8,6,9,9.7,2.9,-1.28,1,1.5,0.8,-0.62,1,1.6,0.9,-0.67,1,1.2,0.6,-0.33,1,,,,2,1,71
1/30/18,f7964398-11c7-4287-9578-2698d6240e00,10,0,4,0,4,8,11,10,9.9,2.9,0.38,1,1.5,0.8,-0.62,1,1.5,0.9,-0.56,1,1.2,0.6,-0.33,4,,,,4,1,71
1/31/18,f7964398-11c7-4287-9578-2698d6240e00,10,0,4,0,4,7.3,11,10,9.8,2.9,0.41,1,1.4,0.8,-0.5,1,1.4,0.8,-0.5,1,1.2,0.6,-0.33,4,,,,4,1,86
2/3/18,f7964398-11c7-4287-9578-2698d6240e00,10,0,3,0,3,8,9,9,9.9,2.6,-0.35,1,1.4,0.8,-0.5,1,1.3,0.7,-0.43,1,1.2,0.6,-0.33,3,,,,3,1,71
2/4/18,f7964398-11c7-4287-9578-2698d6240e00,2,0,4,0,3,8,11,10,9.8,2.5,0.48,2,1.4,0.8,0.75,1,1.2,0.6,-0.33,1,1.2,0.6,-0.33,3,,,,4,1,71
2/5/18,f7964398-11c7-4287-9578-2698d6240e00,10,0,3,2,3,8,10,10,9.8,2.5,0.08,1,1.4,0.8,-0.5,1,1.2,0.6,-0.33,2,1.3,0.7,1,3,,,,3,1,71
2/6/18,f7964398-11c7-4287-9578-2698d6240e00,10,0,10,0,10,8,5,9,9.5,2.7,-1.67,1,1.4,0.8,-0.5,1,1.1,0.5,-0.2,1,1.3,0.7,-0.43,1,,,,1,1,71
2/8/18,f7964398-11c7-4287-9578-2698d6240e00,10,0,4,0,2,8,9,9,9.5,2.6,-0.19,1,1.4,0.7,-0.57,1,1.1,0.4,-0.25,1,1.2,0.6,-0.33,2,,,,4,1,71
2/10/18,f7964398-11c7-4287-9578-2698d6240e00,10,0,10,0,10,7,5,8,9.2,2.9,-1.45,1,1.4,0.8,-0.5,1,1,0,,1,1.3,0.7,-0.43,1,,,,1,1,71
2/12/18,f7964398-11c7-4287-9578-2698d6240e00,2,0,2,0,3,8.3,9,7,8.9,2.7,0.04,2,1.4,0.8,0.75,1,1,0,,1,1.2,0.5,-0.4,3,,,,2,1,57
2/13/18,f7964398-11c7-4287-9578-2698d6240e00,10,0,3,0,10,8,7,8,8.9,2.7,-0.7,1,1.4,0.8,-0.5,1,1,0,,1,1.2,0.5,-0.4,1,,,,3,1,57
2/15/18,f7964398-11c7-4287-9578-2698d6240e00,2,0,3,0,3,9,10,8,8.7,2.6,0.5,2,1.4,0.7,0.86,1,1,0,,1,1.2,0.5,-0.4,3,,,,3,1,57
2/16/18,f7964398-11c7-4287-9578-2698d6240e00,10,0,3,0,3,8,9,8,8.7,2.6,0.12,1,1.4,0.7,-0.57,1,1,0,,1,1.2,0.5,-0.4,3,,,,3,1,71
2/17/18,f7964398-11c7-4287-9578-2698d6240e00,10,0,10,0,10,9,5,8,8.7,2.6,-1.42,1,1.4,0.7,-0.57,1,1,0,,1,1.2,0.5,-0.4,1,,,,1,1,71
2/19/18,f7964398-11c7-4287-9578-2698d6240e00,10,0,3,0,3,8,9,8,8.7,2.6,0.12,1,1.4,0.7,-0.57,1,1,0,,1,1.2,0.5,-0.4,3,,,,3,1,71
2/21/18,f7964398-11c7-4287-9578-2698d6240e00,10,0,10,0,3,8,7,8,8.8,2.4,-0.75,1,1.4,0.7,-0.57,1,1,0,,1,1.2,0.5,-0.4,3,,,,1,1,71
2/22/18,f7964398-11c7-4287-9578-2698d6240e00,10,0,3,0,3,8,9,8,8.8,2.4,0.08,1,1.4,0.7,-0.57,1,1,0,,1,1.1,0.5,-0.2,3,,,,3,1,71
2/25/18,f7964398-11c7-4287-9578-2698d6240e00,10,0,10,0,10,9,5,8,8.2,2.2,-1.45,1,1.2,0.4,-0.5,1,1,0,,1,1.1,0.2,-0.5,1,,,,1,1,57
2/27/18,f7964398-11c7-4287-9578-2698d6240e00,10,0,10,0,10,9,5,6,7.9,2.2,-1.32,1,1.2,0.4,-0.5,1,1,0,,1,1.1,0.2,-0.5,1,,,,1,1,57
3/1/18,f7964398-11c7-4287-9578-2698d6240e00,10,0,10,0,10,8,5,5,7.6,2.2,-1.18,1,1.2,0.4,-0.5,1,1,0,,1,1.1,0.2,-0.5,1,,,,1,1,43
5/7/18,f7964398-11c7-4287-9578-2698d6240e00,2,0,3,0,4,7.5,11,11,11,0,,2,2,0,,1,1,0,,1,1,0,,4,4,0,,3,1,14
5/8/18,f7964398-11c7-4287-9578-2698d6240e00,3,0,3,0,2,7.3,10,10,10.5,0.7,-0.71,3,2.5,0.7,0.71,1,1,0,,1,1,0,,2,3,1.4,-0.71,3,1,29
5/10/18,f7964398-11c7-4287-9578-2698d6240e00,10,0,10,0,10,8,5,9,8.7,3.2,-1.16,1,2,1,-1,1,1,0,,1,1,0,,1,2.3,1.5,-0.87,1,1,43
5/14/18,f7964398-11c7-4287-9578-2698d6240e00,2,0,10,0,3,7,8,8,8.5,2.6,-0.19,2,2,0.8,0,1,1,0,,1,1,0,,3,2.5,1.3,0.38,1,1,43
5/15/18,f7964398-11c7-4287-9578-2698d6240e00,3,2,2,0,2,7.3,10,8,8.8,2.4,0.5,3,2.2,0.8,1,2,1.2,0.4,2,1,1,0,,2,2.4,1.1,-0.36,2,1,43
5/17/18,f7964398-11c7-4287-9578-2698d6240e00,2,2,2,0,2,7.3,9,9,8.8,2.1,0.1,2,2.2,0.8,-0.25,2,1.3,0.5,1.4,1,1,0,,2,2.3,1,-0.3,2,1,43
5/18/18,f7964398-11c7-4287-9578-2698d6240e00,2,0,2,0,2,7,8,9,8.7,2,-0.35,2,2.1,0.7,-0.14,1,1.3,0.5,-0.6,1,1,0,,2,2.3,1,-0.3,2,1,57
5/21/18,f7964398-11c7-4287-9578-2698d6240e00,2,0,2,3,4,7,12,10,9.1,2.2,1.32,2,2.1,0.6,-0.17,1,1.2,0.5,-0.4,3,1.2,0.7,2.57,4,2.5,1.1,1.36,2,1,57
5/23/18,f7964398-11c7-4287-9578-2698d6240e00,3,3,3,3,2,7,14,11,9.7,2.6,1.65,3,2.2,0.7,1.14,3,1.4,0.7,2.29,3,1.4,0.9,1.78,2,2.4,1,-0.4,3,1,57
5/29/18,f7964398-11c7-4287-9578-2698d6240e00,10,0,2,0,2,7.3,7,10,9.4,2.5,-0.96,1,2.1,0.7,-1.57,1,1.4,0.7,-0.57,1,1.4,0.8,-0.5,2,2.5,0.9,-0.56,2,1,43
5/29/18,f7964398-11c7-4287-9578-2698d6240e00,2,0,2,0,3,7.3,9,12,9.6,2.5,-0.24,2,2.2,0.6,-0.33,1,1.4,0.7,-0.57,1,1.4,0.8,-0.5,3,2.5,1,0.5,2,1,29
5/30/18,f7964398-11c7-4287-9578-2698d6240e00,10,0,10,0,2,7.3,6,7,9.1,2.5,-1.24,1,2,0.7,-1.43,1,1.3,0.7,-0.43,1,1.3,0.8,-0.38,2,2.4,0.9,-0.44,1,1,43
5/31/18,f7964398-11c7-4287-9578-2698d6240e00,3,3,10,0,3,7,11,8,9.2,2.5,0.72,3,2.1,0.8,1.12,3,1.5,0.8,1.88,1,1.3,0.8,-0.38,3,2.5,0.9,0.56,1,1,57
6/1/18,f7964398-11c7-4287-9578-2698d6240e00,2,0,2,0,2,7,8,8,9.1,2.4,-0.46,2,2.1,0.7,-0.14,1,1.4,0.8,-0.5,1,1.3,0.7,-0.43,2,2.4,0.9,-0.44,2,1,71
10/23/17,84e62cde-4aaa-4da8-b1b4-e845d29177e0,10,3,10,5,6,7.5,16,16,16,0,,1,1,0,,3,3,0,,5,5,0,,6,,,,1,1,14
10/24/17,84e62cde-4aaa-4da8-b1b4-e845d29177e0,2,3,4,2,3,9,14,15,15,1.4,-0.71,2,1.5,0.7,0.71,3,3,0,,2,3.5,2.1,-0.71,3,,,,4,1,29
10/25/17,84e62cde-4aaa-4da8-b1b4-e845d29177e0,3,5,2,2,3,8.9,15,15,15,1,0,3,2,1,1,5,3.7,1.2,1.08,2,3,1.7,-0.59,3,,,,2,1,43
10/26/17,84e62cde-4aaa-4da8-b1b4-e845d29177e0,2,2,3,3,3,8.3,13,14,14.5,1.3,-1.15,2,2,0.8,0,2,3.2,1.3,-0.92,3,3,1.4,0,3,,,,3,1,57
10/27/17,84e62cde-4aaa-4da8-b1b4-e845d29177e0,2,3,3,2,3,8.3,13,14,14.2,1.3,-0.92,2,2,0.7,0,3,3.2,1.1,-0.18,2,2.8,1.3,-0.62,3,,,,3,1,71
10/28/17,84e62cde-4aaa-4da8-b1b4-e845d29177e0,2,3,2,2,2,8,11,14,13.7,1.8,-1.5,2,2,0.6,0,3,3.2,1,-0.2,2,2.7,1.2,-0.58,2,,,,2,1,86
10/30/17,84e62cde-4aaa-4da8-b1b4-e845d29177e0,3,3,4,3,4,7,17,14,14.1,2,1.45,3,2.1,0.7,1.29,3,3.1,0.9,-0.11,3,2.7,1.1,0.27,4,,,,4,1,86
10/31/17,84e62cde-4aaa-4da8-b1b4-e845d29177e0,3,4,4,3,4,9,18,14,14.6,2.3,1.48,3,2.2,0.7,1.14,4,3.2,0.9,0.89,3,2.8,1,0.2,4,,,,4,1,86
11/1/17,84e62cde-4aaa-4da8-b1b4-e845d29177e0,3,3,3,3,3,10,15,14,14.7,2.2,0.14,3,2.3,0.7,1,3,3.2,0.8,-0.25,3,2.8,1,0.2,3,,,,3,1,86
11/2/17,84e62cde-4aaa-4da8-b1b4-e845d29177e0,10,3,3,2,4,8.5,13,14,14.5,2.1,-0.71,1,2.2,0.8,-1.5,3,3.2,0.8,-0.25,2,2.7,0.9,-0.78,4,,,,3,1,86
11/3/17,84e62cde-4aaa-4da8-b1b4-e845d29177e0,2,3,3,3,3,8.2,14,15,14.5,2,-0.25,2,2.2,0.8,-0.25,3,3.2,0.8,-0.25,3,2.7,0.9,0.33,3,,,,3,1,86
11/4/17,84e62cde-4aaa-4da8-b1b4-e845d29177e0,3,3,3,2,3,8.5,14,15,14.4,1.9,-0.21,3,2.2,0.8,1,3,3.2,0.7,-0.29,2,2.7,0.9,-0.78,3,,,,3,1,86
11/7/17,84e62cde-4aaa-4da8-b1b4-e845d29177e0,10,2,2,2,10,8.8,8,13,13.9,2.6,-2.27,1,2.2,0.8,-1.5,2,3.1,0.8,-1.38,2,2.6,0.9,-0.67,1,,,,2,1,71
11/8/17,84e62cde-4aaa-4da8-b1b4-e845d29177e0,2,3,3,2,2,9.3,12,12,13.8,2.5,-0.72,2,2.1,0.8,-0.13,3,3.1,0.7,-0.14,2,2.6,0.9,-0.67,2,,,,3,1,71
11/9/17,84e62cde-4aaa-4da8-b1b4-e845d29177e0,2,2,3,2,2,9,11,12,13.6,2.5,-1.04,2,2.1,0.7,-0.14,2,3,0.8,-1.25,2,2.5,0.8,-0.62,2,,,,3,1,71
11/12/17,84e62cde-4aaa-4da8-b1b4-e845d29177e0,3,3,2,3,2,8.5,13,11,13.6,2.4,-0.25,3,2.2,0.8,1,3,3,0.7,0,3,2.6,0.8,0.5,2,,,,2,1,57
11/21/17,84e62cde-4aaa-4da8-b1b4-e845d29177e0,3,3,4,5,3,9.5,18,18,13.7,2.7,1.59,3,2.3,0.7,1,3,3,0.8,0,5,2.6,0.8,3,3,,,,4,1,14
11/22/17,84e62cde-4aaa-4da8-b1b4-e845d29177e0,3,3,3,3,2,9.3,14,16,13.6,2.7,0.15,3,2.3,0.7,1,3,2.9,0.5,0.2,3,2.7,0.8,0.37,2,,,,3,1,29
11/23/17,84e62cde-4aaa-4da8-b1b4-e845d29177e0,3,3,3,2,10,8.7,12,15,13.5,2.7,-0.56,3,2.4,0.7,0.86,3,2.9,0.5,0.2,2,2.6,0.8,-0.75,1,,,,3,1,43
11/24/17,84e62cde-4aaa-4da8-b1b4-e845d29177e0,10,2,2,0,10,8.7,7,13,13.1,3.2,-1.91,1,2.3,0.8,-1.62,2,2.9,0.5,-1.8,1,2.5,0.9,-1.67,1,,,,2,1,57
11/26/17,84e62cde-4aaa-4da8-b1b4-e845d29177e0,2,2,2,2,2,9.5,10,12,13.1,3.3,-0.94,2,2.3,0.8,-0.37,2,2.8,0.6,-1.33,2,2.5,0.9,-0.56,2,,,,2,1,71
11/27/17,84e62cde-4aaa-4da8-b1b4-e845d29177e0,2,3,2,2,2,8,11,12,12.7,3.1,-0.55,2,2.3,0.8,-0.37,3,2.8,0.6,0.33,2,2.5,0.9,-0.56,2,,,,2,1,86
11/28/17,84e62cde-4aaa-4da8-b1b4-e845d29177e0,2,2,2,2,2,8,10,11,12.1,2.8,-0.75,2,2.2,0.8,-0.25,2,2.7,0.5,-1.4,2,2.4,0.9,-0.44,2,,,,2,1,86
11/29/17,84e62cde-4aaa-4da8-b1b4-e845d29177e0,2,2,2,2,3,4,11,10,11.9,2.7,-0.33,2,2.1,0.7,-0.14,2,2.6,0.5,-1.2,2,2.3,0.9,-0.33,3,,,,2,1,86
11/30/17,84e62cde-4aaa-4da8-b1b4-e845d29177e0,2,3,2,2,2,10,11,10,11.7,2.7,-0.26,2,2.2,0.7,-0.29,3,2.6,0.5,0.8,2,2.3,0.9,-0.33,2,,,,2,1,86
12/1/17,84e62cde-4aaa-4da8-b1b4-e845d29177e0,2,2,10,0,3,10,9,10,11.4,2.7,-0.89,2,2.2,0.7,-0.29,2,2.5,0.5,-1,1,2.2,0.9,-1.33,3,,,,1,1,86
12/2/17,84e62cde-4aaa-4da8-b1b4-e845d29177e0,5,3,4,3,10,10,16,11,11.5,2.9,1.55,5,2.3,1,2.7,3,2.5,0.5,1,3,2.3,1,0.7,1,,,,4,1,100
12/3/17,84e62cde-4aaa-4da8-b1b4-e845d29177e0,2,2,2,0,2,9.5,9,11,11.4,2.8,-0.86,2,2.3,0.9,-0.33,2,2.5,0.5,-1,1,2.2,1,-1.2,2,,,,2,1,100
12/7/17,84e62cde-4aaa-4da8-b1b4-e845d29177e0,3,3,2,2,2,10,12,12,11.6,2.9,0.14,3,2.5,0.9,0.56,3,2.6,0.5,0.8,2,2.2,1.1,-0.18,2,,,,2,1,57
12/8/17,84e62cde-4aaa-4da8-b1b4-e845d29177e0,3,3,2,3,2,10,13,12,11.7,2.8,0.46,3,2.5,0.9,0.56,3,2.6,0.5,0.8,3,2.3,1,0.7,2,,,,2,1,57
12/9/17,84e62cde-4aaa-4da8-b1b4-e845d29177e0,2,2,2,2,2,9,10,11,11.6,2.8,-0.57,2,2.5,0.9,-0.56,2,2.6,0.5,-1.2,2,2.2,1,-0.2,2,,,,2,1,57
12/11/17,84e62cde-4aaa-4da8-b1b4-e845d29177e0,3,4,2,2,2,9.5,13,12,11.6,2.8,0.5,3,2.5,0.9,0.56,4,2.6,0.6,2.33,2,2.2,1,-0.2,2,,,,2,1,57
12/12/17,84e62cde-4aaa-4da8-b1b4-e845d29177e0,2,3,2,2,2,9,11,12,11.6,2.7,-0.22,2,2.5,0.9,-0.56,3,2.6,0.6,0.67,2,2.2,1,-0.2,2,,,,2,1,71
12/13/17,84e62cde-4aaa-4da8-b1b4-e845d29177e0,3,3,2,2,3,9.5,13,12,11.7,2.6,0.5,3,2.5,0.9,0.56,3,2.7,0.6,0.5,2,2.2,0.9,-0.22,3,,,,2,1,86
12/14/17,84e62cde-4aaa-4da8-b1b4-e845d29177e0,2,2,2,2,2,9.5,10,12,11.6,2.6,-0.62,2,2.5,0.8,-0.62,2,2.6,0.6,-1,2,2.2,0.9,-0.22,2,,,,2,1,86
12/18/17,84e62cde-4aaa-4da8-b1b4-e845d29177e0,10,0,10,3,10,8.5,7,10,11.3,2.7,-1.59,1,2.4,0.9,-1.56,1,2.5,0.7,-2.14,3,2.2,0.9,0.89,1,,,,1,1,57
12/19/17,84e62cde-4aaa-4da8-b1b4-e845d29177e0,10,2,2,0,4,9,10,10,10.9,2.2,-0.41,1,2.3,0.9,-1.44,2,2.5,0.7,-0.71,1,2,0.6,-1.67,4,,,,2,1,57
12/20/17,84e62cde-4aaa-4da8-b1b4-e845d29177e0,2,3,2,3,2,9,12,10,10.8,2.1,0.57,2,2.2,0.9,-0.22,3,2.5,0.7,0.71,3,2,0.6,1.67,2,,,,2,1,57
12/21/17,84e62cde-4aaa-4da8-b1b4-e845d29177e0,2,2,2,2,2,9,10,10,10.8,2.1,-0.38,2,2.2,0.9,-0.22,2,2.5,0.7,-0.71,2,2,0.6,0,2,,,,2,1,57
12/22/17,84e62cde-4aaa-4da8-b1b4-e845d29177e0,2,0,10,2,10,8,7,9,10.8,2.1,-1.81,2,2.2,0.9,-0.22,1,2.4,0.8,-1.75,2,2,0.6,0,1,,,,1,1,71
12/26/17,84e62cde-4aaa-4da8-b1b4-e845d29177e0,10,2,2,0,2,9,8,9,10.7,2.3,-1.17,1,2.2,0.9,-1.33,2,2.4,0.8,-0.5,1,2,0.7,-1.43,2,,,,2,1,57
12/29/17,84e62cde-4aaa-4da8-b1b4-e845d29177e0,4,4,3,3,3,9,17,12,11.1,2.9,2.03,4,2.4,1.1,1.45,4,2.5,0.9,1.67,3,2.1,0.7,1.29,3,,,,3,1,29
12/31/17,84e62cde-4aaa-4da8-b1b4-e845d29177e0,3,2,2,2,3,8.5,12,12,11,2.6,0.38,3,2.3,0.9,0.78,2,2.5,0.9,-0.56,2,2.1,0.6,-0.17,3,,,,2,1,43
1/2/18,84e62cde-4aaa-4da8-b1b4-e845d29177e0,2,2,2,2,2,9,10,13,10.9,2.5,-0.36,2,2.2,0.9,-0.22,2,2.4,0.9,-0.44,2,2.1,0.6,-0.17,2,,,,2,1,43
1/3/18,84e62cde-4aaa-4da8-b1b4-e845d29177e0,2,2,2,2,2,8.5,10,12,10.9,2.5,-0.36,2,2.2,0.8,-0.25,2,2.4,0.9,-0.44,2,2.1,0.6,-0.17,2,,,,2,1,57
1/4/18,84e62cde-4aaa-4da8-b1b4-e845d29177e0,3,3,2,2,2,9,12,12,10.9,2.5,0.44,3,2.2,0.8,1,3,2.4,0.9,0.67,2,2.1,0.6,-0.17,2,,,,2,1,71
1/5/18,84e62cde-4aaa-4da8-b1b4-e845d29177e0,2,2,3,2,3,8.5,12,11,10.8,2.4,0.5,2,2.2,0.8,-0.25,2,2.4,0.9,-0.44,2,2.1,0.6,-0.17,3,,,,3,1,71
1/7/18,84e62cde-4aaa-4da8-b1b4-e845d29177e0,2,2,2,2,4,9,12,11,10.9,2.4,0.46,2,2.2,0.8,-0.25,2,2.4,0.9,-0.44,2,2.1,0.6,-0.17,4,,,,2,1,71
1/8/18,84e62cde-4aaa-4da8-b1b4-e845d29177e0,2,2,2,3,4,9,13,12,10.9,2.4,0.87,2,2.1,0.8,-0.13,2,2.2,0.8,-0.25,3,2.1,0.6,1.5,4,,,,2,1,86
1/9/18,84e62cde-4aaa-4da8-b1b4-e845d29177e0,3,3,2,2,3,9,13,12,11.1,2.5,0.76,3,2.2,0.8,1,3,2.2,0.8,1,2,2.1,0.6,-0.17,3,,,,2,1,86
1/12/18,84e62cde-4aaa-4da8-b1b4-e845d29177e0,2,2,2,2,3,8.5,11,12,11,2.5,0,2,2.1,0.8,-0.13,2,2.2,0.8,-0.25,2,2.1,0.6,-0.17,3,,,,2,1,57
1/13/18,84e62cde-4aaa-4da8-b1b4-e845d29177e0,2,2,2,2,2,8.3,10,12,10.9,2.4,-0.38,2,2.1,0.8,-0.13,2,2.2,0.7,-0.29,2,2.1,0.6,-0.17,2,,,,2,1,71
1/15/18,84e62cde-4aaa-4da8-b1b4-e845d29177e0,2,2,2,2,2,8.5,10,11,11.1,2.2,-0.5,2,2.2,0.7,-0.29,2,2.2,0.7,-0.29,2,2.1,0.6,-0.17,2,,,,2,1,57
1/16/18,84e62cde-4aaa-4da8-b1b4-e845d29177e0,2,2,2,2,2,8,10,10,11.1,2.2,-0.5,2,2.2,0.7,-0.29,2,2.2,0.7,-0.29,2,2.1,0.5,-0.2,2,,,,2,1,57
1/18/18,84e62cde-4aaa-4da8-b1b4-e845d29177e0,2,2,2,2,3,7.5,11,10,11.1,2.3,-0.04,2,2.2,0.7,-0.29,2,2.2,0.7,-0.29,2,2.1,0.4,-0.25,3,,,,2,1,71
1/19/18,84e62cde-4aaa-4da8-b1b4-e845d29177e0,2,2,2,2,2,8.5,10,10,11.3,2,-0.65,2,2.2,0.7,-0.29,2,2.2,0.6,-0.33,2,2.1,0.4,-0.25,2,,,,2,1,71
1/20/18,84e62cde-4aaa-4da8-b1b4-e845d29177e0,2,2,10,2,2,8.7,9,10,11.2,2,-1.1,2,2.2,0.7,-0.29,2,2.2,0.6,-0.33,2,2.1,0.4,-0.25,2,,,,1,1,71
1/22/18,84e62cde-4aaa-4da8-b1b4-e845d29177e0,2,2,2,2,3,9,11,10,11.2,2,-0.1,2,2.2,0.6,-0.33,2,2.2,0.5,-0.4,2,2.1,0.4,-0.25,3,,,,2,1,71
1/23/18,84e62cde-4aaa-4da8-b1b4-e845d29177e0,2,2,2,2,2,8,10,10,11.3,1.8,-0.72,2,2.3,0.6,-0.5,2,2.2,0.5,-0.4,2,2.1,0.3,-0.33,2,,,,2,1,71
1/26/18,84e62cde-4aaa-4da8-b1b4-e845d29177e0,2,2,2,2,2,8.5,10,10,10.9,1.2,-0.75,2,2.2,0.4,-0.5,2,2.1,0.3,-0.33,2,2.1,0.2,-0.5,2,,,,2,1,57
1/27/18,84e62cde-4aaa-4da8-b1b4-e845d29177e0,2,3,2,2,2,8,11,10,10.9,1.1,0.09,2,2.2,0.4,-0.5,3,2.2,0.4,2,2,2.1,0.2,-0.5,2,,,,2,1,57
1/28/18,84e62cde-4aaa-4da8-b1b4-e845d29177e0,2,2,2,2,2,8.5,10,10,10.8,1.1,-0.73,2,2.1,0.3,-0.33,2,2.2,0.4,-0.5,2,2.1,0.2,-0.5,2,,,,2,1,71
1/29/18,84e62cde-4aaa-4da8-b1b4-e845d29177e0,2,2,2,2,2,8.5,10,10,10.8,1.1,-0.73,2,2.1,0.3,-0.33,2,2.1,0.4,-0.25,2,2,0.2,0,2,,,,2,1,71
1/30/18,84e62cde-4aaa-4da8-b1b4-e845d29177e0,2,2,2,2,4,6,12,11,10.8,1.1,1.09,2,2.1,0.3,-0.33,2,2.1,0.4,-0.25,2,2,0.2,0,4,,,,2,1,71
1/31/18,84e62cde-4aaa-4da8-b1b4-e845d29177e0,2,2,2,2,2,7.9,10,10,10.8,1.1,-0.73,2,2.1,0.3,-0.33,2,2.1,0.4,-0.25,2,2,0.2,0,2,,,,2,1,86
2/3/18,84e62cde-4aaa-4da8-b1b4-e845d29177e0,2,2,2,2,2,8,10,10,10.7,1.1,-0.64,2,2.1,0.2,-0.5,2,2.1,0.3,-0.33,2,2.1,0.2,-0.5,2,,,,2,1,71
2/4/18,84e62cde-4aaa-4da8-b1b4-e845d29177e0,2,2,2,2,2,8,10,10,10.6,1.1,-0.55,2,2.1,0.2,-0.5,2,2.1,0.3,-0.33,2,2.1,0.2,-0.5,2,,,,2,1,71
2/5/18,84e62cde-4aaa-4da8-b1b4-e845d29177e0,2,2,2,2,2,8.5,10,10,10.4,0.9,-0.44,2,2.1,0.2,-0.5,2,2.1,0.3,-0.33,2,2,0,,2,,,,2,1,71
2/6/18,84e62cde-4aaa-4da8-b1b4-e845d29177e0,2,2,2,2,2,8,10,10,10.3,0.7,-0.43,2,2,0,,2,2.1,0.2,-0.5,2,2,0,,2,,,,2,1,71
2/8/18,84e62cde-4aaa-4da8-b1b4-e845d29177e0,2,2,2,2,2,8,10,10,10.2,0.6,-0.33,2,2,0,,2,2,0.2,0,2,2,0,,2,,,,2,1,71
2/10/18,84e62cde-4aaa-4da8-b1b4-e845d29177e0,2,2,2,2,2,8,10,10,10.2,0.6,-0.33,2,2,0,,2,2.1,0.2,-0.5,2,2,0,,2,,,,2,1,71
2/12/18,84e62cde-4aaa-4da8-b1b4-e845d29177e0,2,2,2,3,3,8,12,10,10.3,0.7,2.43,2,2,0,,2,2.1,0.2,-0.5,3,2.1,0.2,4.5,3,,,,2,1,57
2/13/18,84e62cde-4aaa-4da8-b1b4-e845d29177e0,2,2,2,2,3,9,11,11,10.4,0.8,0.75,2,2,0,,2,2.1,0.2,-0.5,2,2.1,0.2,-0.5,3,,,,2,1,57
2/15/18,84e62cde-4aaa-4da8-b1b4-e845d29177e0,2,2,2,2,3,9,11,11,10.4,0.8,0.75,2,2,0,,2,2.1,0.2,-0.5,2,2.1,0.2,-0.5,3,,,,2,1,57
2/16/18,84e62cde-4aaa-4da8-b1b4-e845d29177e0,2,2,2,2,2,8.5,10,11,10.4,0.8,-0.5,2,2,0,,2,2.1,0.2,-0.5,2,2.1,0.2,-0.5,2,,,,2,1,71
2/17/18,84e62cde-4aaa-4da8-b1b4-e845d29177e0,2,2,2,2,2,8.5,10,11,10.4,0.7,-0.57,2,2,0,,2,2.1,0.2,-0.5,2,2.1,0.2,-0.5,2,,,,2,1,71
2/19/18,84e62cde-4aaa-4da8-b1b4-e845d29177e0,2,2,2,2,2,8,10,10,10.4,0.7,-0.57,2,2,0,,2,2.1,0.2,-0.5,2,2.1,0.2,-0.5,2,,,,2,1,71
2/21/18,84e62cde-4aaa-4da8-b1b4-e845d29177e0,2,2,2,2,2,8,10,10,10.4,0.7,-0.57,2,2,0,,2,2.1,0.2,-0.5,2,2.1,0.2,-0.5,2,,,,2,1,71
2/22/18,84e62cde-4aaa-4da8-b1b4-e845d29177e0,2,2,2,2,2,8,10,10,10.3,0.7,-0.43,2,2,0,,2,2,0.2,0,2,2,0.2,0,2,,,,2,1,71
2/25/18,84e62cde-4aaa-4da8-b1b4-e845d29177e0,2,2,2,2,2,9,10,10,10.3,0.7,-0.43,2,2,0,,2,2,0,,2,2.1,0.2,-0.5,2,,,,2,1,57
2/27/18,84e62cde-4aaa-4da8-b1b4-e845d29177e0,2,2,2,2,2,8,10,10,10.2,0.6,-0.33,2,2,0,,2,2,0,,2,2.1,0.2,-0.5,2,,,,2,1,57
3/1/18,84e62cde-4aaa-4da8-b1b4-e845d29177e0,2,2,2,2,2,9,10,10,10.2,0.6,-0.33,2,2,0,,2,2,0,,2,2.1,0.2,-0.5,2,,,,2,1,43
5/7/18,84e62cde-4aaa-4da8-b1b4-e845d29177e0,2,2,10,3,3,7.5,11,11,11,0,,2,2,0,,2,2,0,,3,3,0,,3,3,0,,1,1,14
5/8/18,84e62cde-4aaa-4da8-b1b4-e845d29177e0,2,2,2,0,10,7,8,10,9.5,2.1,-0.71,2,2,0,,2,2,0,,1,2,1.4,-0.71,1,2,1.4,-0.71,2,1,29
5/10/18,84e62cde-4aaa-4da8-b1b4-e845d29177e0,10,2,10,2,2,7.5,8,9,9,1.7,-0.59,1,1.7,0.6,-1.17,2,2,0,,2,2,1,0,2,2,1,0,1,1,43
5/14/18,84e62cde-4aaa-4da8-b1b4-e845d29177e0,2,2,2,2,2,7.5,10,9,9.2,1.5,0.53,2,1.8,0.5,0.4,2,2,0,,2,2,0.8,0,2,2,0.8,0,2,1,43
5/15/18,84e62cde-4aaa-4da8-b1b4-e845d29177e0,10,3,10,0,10,7.5,7,8,8.8,1.6,-1.13,1,1.6,0.5,-1.2,3,2.2,0.4,2,1,1.8,0.8,-1,1,1.8,0.8,-1,1,1,43
5/17/18,84e62cde-4aaa-4da8-b1b4-e845d29177e0,2,2,10,0,10,8,7,8,8.5,1.6,-0.94,2,1.7,0.5,0.6,2,2.2,0.4,-0.5,1,1.7,0.8,-0.87,1,1.7,0.8,-0.87,1,1,43
5/18/18,84e62cde-4aaa-4da8-b1b4-e845d29177e0,2,2,10,2,10,8,8,8,8.4,1.5,-0.27,2,1.7,0.5,0.6,2,2.1,0.4,-0.25,2,1.7,0.8,0.38,1,1.6,0.8,-0.75,1,1,57
5/21/18,84e62cde-4aaa-4da8-b1b4-e845d29177e0,10,0,10,0,10,7.5,5,7,8,1.9,-1.58,1,1.6,0.5,-1.2,1,2,0.5,-2,1,1.6,0.7,-0.86,1,1.5,0.8,-0.62,1,1,57
5/23/18,84e62cde-4aaa-4da8-b1b4-e845d29177e0,2,2,10,0,10,8,7,7,7.9,1.8,-0.5,2,1.7,0.5,0.6,2,2,0.5,0,1,1.6,0.7,-0.86,1,1.4,0.7,-0.57,1,1,57
5/29/18,84e62cde-4aaa-4da8-b1b4-e845d29177e0,10,0,10,0,2,7.5,6,6,7.7,1.8,-0.94,1,1.6,0.5,-1.2,1,1.9,0.6,-1.5,1,1.5,0.7,-0.71,2,1.5,0.7,0.71,1,1,29
5/30/18,84e62cde-4aaa-4da8-b1b4-e845d29177e0,2,2,10,0,10,7.5,7,6,7.6,1.7,-0.35,2,1.6,0.5,0.8,2,1.9,0.5,0.2,1,1.5,0.7,-0.71,1,1.5,0.7,-0.71,1,1,29
5/31/18,84e62cde-4aaa-4da8-b1b4-e845d29177e0,2,2,2,2,2,7,10,8,7.8,1.7,1.29,2,1.7,0.5,0.6,2,1.9,0.5,0.2,2,1.5,0.7,0.71,2,1.5,0.7,0.71,2,1,43
6/1/18,84e62cde-4aaa-4da8-b1b4-e845d29177e0,2,2,2,2,2,7,10,8,8,1.8,1.11,2,1.7,0.5,0.6,2,1.9,0.5,0.2,2,1.5,0.7,0.71,2,1.5,0.7,0.71,2,1,57
11/2/17,1e70319e-9b7d-4a9e-b8e5-512290a6b251,2,5,3,0,2,8,13,13,13,0,,2,2,0,,5,5,0,,1,1,0,,2,,,,3,1,14
11/3/17,1e70319e-9b7d-4a9e-b8e5-512290a6b251,10,3,2,0,2,9,9,11,11,2.8,-0.71,1,1.5,0.7,-0.71,3,4,1.4,-0.71,1,1,0,,2,,,,2,1,29
11/7/17,1e70319e-9b7d-4a9e-b8e5-512290a6b251,2,2,2,3,3,8,12,11,11.3,2.1,0.33,2,1.7,0.6,0.5,2,3.3,1.5,-0.87,3,1.7,1.2,1.08,3,,,,2,1,43
11/21/17,1e70319e-9b7d-4a9e-b8e5-512290a6b251,2,5,3,5,10,8,16,16,12.5,2.9,1.21,2,1.8,0.5,0.4,5,3.8,1.5,0.8,5,2.5,1.9,1.32,1,,,,3,1,14
5/7/18,1e70319e-9b7d-4a9e-b8e5-512290a6b251,8,4,7,0,10,7.5,21,21,21,0,,8,8,0,,4,4,0,,1,1,0,,1,1,0,,7,1,14
5/8/18,1e70319e-9b7d-4a9e-b8e5-512290a6b251,10,4,2,0,10,7.5,9,15,15,8.5,-0.71,1,4.5,4.9,-0.71,4,4,0,,1,1,0,,1,1,0,,2,1,29
5/10/18,1e70319e-9b7d-4a9e-b8e5-512290a6b251,3,0,2,3,10,8,10,13,13.3,6.7,-0.49,3,4,3.6,-0.28,1,3,1.7,-1.18,3,1.7,1.2,1.08,1,1,0,,2,1,43
5/14/18,1e70319e-9b7d-4a9e-b8e5-512290a6b251,10,5,10,0,10,4,9,9,12.2,5.9,-0.54,1,3.2,3.3,-0.67,5,3.5,1.7,0.88,1,1.5,1,-0.5,1,1,0,,1,1,43
5/15/18,1e70319e-9b7d-4a9e-b8e5-512290a6b251,10,3,10,3,10,7.5,9,9,11.6,5.3,-0.49,1,2.8,3,-0.6,3,3.4,1.5,-0.27,3,1.8,1.1,1.09,1,1,0,,1,1,43
5/17/18,1e70319e-9b7d-4a9e-b8e5-512290a6b251,6,5,5,5,10,7,22,13,13.3,6.3,1.38,6,3.3,3,0.9,5,3.7,1.5,0.87,5,2.3,1.6,1.69,1,1,0,,5,1,43
5/18/18,1e70319e-9b7d-4a9e-b8e5-512290a6b251,4,4,3,4,10,6.6,16,14,13.7,5.9,0.39,4,3.4,2.8,0.21,4,3.7,1.4,0.21,4,2.6,1.6,0.87,1,1,0,,3,1,57
5/21/18,1e70319e-9b7d-4a9e-b8e5-512290a6b251,2,3,2,2,10,7.5,10,14,13.2,5.6,-0.57,2,3.2,2.6,-0.46,3,3.6,1.3,-0.46,2,2.5,1.5,-0.33,1,1,0,,2,1,57
5/23/18,1e70319e-9b7d-4a9e-b8e5-512290a6b251,10,0,10,0,10,7,5,13,12.3,5.9,-1.24,1,3,2.5,-0.8,1,3.3,1.5,-1.53,1,2.3,1.5,-0.87,1,1,0,,1,1,57
5/31/18,1e70319e-9b7d-4a9e-b8e5-512290a6b251,4,3,4,2,10,7,14,14,12.5,5.6,0.27,4,3.1,2.4,0.38,3,3.3,1.4,-0.21,2,2.3,1.4,-0.21,1,1,0,,4,1,14
6/1/18,1e70319e-9b7d-4a9e-b8e5-512290a6b251,4,3,2,2,2,7,13,14,12.5,5.3,0.09,4,3.2,2.3,0.35,3,3.3,1.3,-0.23,2,2.3,1.3,-0.23,2,1.1,0.3,3,2,1,29
10/23/17,2af37014-378f-4f0b-a1f4-111cd6c2d419,10,2,2,3,3,6,11,11,11,0,,1,1,0,,2,2,0,,3,3,0,,3,,,,2,1,14
10/25/17,2af37014-378f-4f0b-a1f4-111cd6c2d419,10,3,10,2,10,8,8,10,9.5,2.1,-0.71,1,1,0,,3,2.5,0.7,0.71,2,2.5,0.7,-0.71,1,,,,1,1,29
10/26/17,2af37014-378f-4f0b-a1f4-111cd6c2d419,10,3,10,0,10,9,7,9,8.7,2.1,-0.81,1,1,0,,3,2.7,0.6,0.5,1,2,1,-1,1,,,,1,1,43
10/27/17,2af37014-378f-4f0b-a1f4-111cd6c2d419,10,2,10,0,10,7.5,6,8,8,2.2,-0.91,1,1,0,,2,2.5,0.6,-0.83,1,1.8,1,-0.8,1,,,,1,1,57
10/28/17,2af37014-378f-4f0b-a1f4-111cd6c2d419,10,0,10,0,10,8,5,7,7.4,2.3,-1.04,1,1,0,,1,2.2,0.8,-1.5,1,1.6,0.9,-0.67,1,,,,1,1,71
10/30/17,2af37014-378f-4f0b-a1f4-111cd6c2d419,10,0,10,0,10,6,5,6,7,2.3,-0.87,1,1,0,,1,2,0.9,-1.11,1,1.5,0.8,-0.62,1,,,,1,1,71
10/31/17,2af37014-378f-4f0b-a1f4-111cd6c2d419,10,0,10,0,10,7,5,6,6.7,2.2,-0.77,1,1,0,,1,1.9,0.9,-1,1,1.4,0.8,-0.5,1,,,,1,1,86
11/1/17,2af37014-378f-4f0b-a1f4-111cd6c2d419,10,0,10,0,2,7,6,6,6.6,2.1,-0.29,1,1,0,,1,1.8,0.9,-0.89,1,1.4,0.7,-0.57,2,,,,1,1,86
11/2/17,2af37014-378f-4f0b-a1f4-111cd6c2d419,10,0,10,0,2,8,6,6,6.6,1.9,-0.32,1,1,0,,1,1.7,0.9,-0.78,1,1.3,0.7,-0.43,2,,,,1,1,86
11/3/17,2af37014-378f-4f0b-a1f4-111cd6c2d419,10,0,10,0,10,8,5,5,6.4,1.9,-0.74,1,1,0,,1,1.6,0.8,-0.75,1,1.3,0.7,-0.43,1,,,,1,1,86
11/4/17,2af37014-378f-4f0b-a1f4-111cd6c2d419,10,0,10,0,10,8,5,5,6.3,1.8,-0.72,1,1,0,,1,1.5,0.8,-0.62,1,1.3,0.6,-0.5,1,,,,1,1,86
11/7/17,2af37014-378f-4f0b-a1f4-111cd6c2d419,10,0,10,0,10,7,5,5,6.2,1.8,-0.67,1,1,0,,1,1.5,0.8,-0.62,1,1.2,0.6,-0.33,1,,,,1,1,71
11/8/17,2af37014-378f-4f0b-a1f4-111cd6c2d419,10,0,10,0,10,6,5,5,6.1,1.8,-0.61,1,1,0,,1,1.5,0.8,-0.62,1,1.2,0.6,-0.33,1,,,,1,1,71
11/9/17,2af37014-378f-4f0b-a1f4-111cd6c2d419,10,0,10,0,10,8,5,5,6,1.7,-0.59,1,1,0,,1,1.4,0.8,-0.5,1,1.2,0.6,-0.33,1,,,,1,1,71
11/12/17,2af37014-378f-4f0b-a1f4-111cd6c2d419,10,0,10,0,10,8,5,5,5.9,1.7,-0.53,1,1,0,,1,1.4,0.7,-0.57,1,1.2,0.6,-0.33,1,,,,1,1,57
11/21/17,2af37014-378f-4f0b-a1f4-111cd6c2d419,10,0,10,0,10,8,5,5,5.5,0.9,-0.56,1,1,0,,1,1.3,0.7,-0.43,1,1.1,0.3,-0.33,1,,,,1,1,14
11/22/17,2af37014-378f-4f0b-a1f4-111cd6c2d419,10,0,10,0,10,8.5,5,5,5.3,0.6,-0.5,1,1,0,,1,1.2,0.6,-0.33,1,1,0,,1,,,,1,1,29
11/23/17,2af37014-378f-4f0b-a1f4-111cd6c2d419,10,0,10,0,10,7,5,5,5.2,0.4,-0.5,1,1,0,,1,1.1,0.3,-0.33,1,1,0,,1,,,,1,1,43
11/24/17,2af37014-378f-4f0b-a1f4-111cd6c2d419,10,0,10,0,10,7.5,5,5,5.1,0.4,-0.25,1,1,0,,1,1,0,,1,1,0,,1,,,,1,1,57
11/26/17,2af37014-378f-4f0b-a1f4-111cd6c2d419,10,0,10,0,10,8,5,5,5.1,0.4,-0.25,1,1,0,,1,1,0,,1,1,0,,1,,,,1,1,71
11/27/17,2af37014-378f-4f0b-a1f4-111cd6c2d419,10,0,10,0,10,6.5,5,5,5.1,0.4,-0.25,1,1,0,,1,1,0,,1,1,0,,1,,,,1,1,86
11/28/17,2af37014-378f-4f0b-a1f4-111cd6c2d419,10,0,10,0,10,8,5,5,5.1,0.4,-0.25,1,1,0,,1,1,0,,1,1,0,,1,,,,1,1,86
11/29/17,2af37014-378f-4f0b-a1f4-111cd6c2d419,10,0,10,0,10,5,5,5,5.1,0.3,-0.33,1,1,0,,1,1,0,,1,1,0,,1,,,,1,1,86
11/30/17,2af37014-378f-4f0b-a1f4-111cd6c2d419,10,0,10,0,10,7,5,5,5,0,,1,1,0,,1,1,0,,1,1,0,,1,,,,1,1,86
12/1/17,2af37014-378f-4f0b-a1f4-111cd6c2d419,10,0,10,0,10,10,5,5,5,0,,1,1,0,,1,1,0,,1,1,0,,1,,,,1,1,86
12/2/17,2af37014-378f-4f0b-a1f4-111cd6c2d419,10,3,10,0,10,8,7,5,5.1,0.5,3.8,1,1,0,,3,1.1,0.5,3.8,1,1,0,,1,,,,1,1,100
12/3/17,2af37014-378f-4f0b-a1f4-111cd6c2d419,10,2,10,0,10,7,6,5,5.2,0.5,1.6,1,1,0,,2,1.2,0.5,1.6,1,1,0,,1,,,,1,1,100
12/7/17,2af37014-378f-4f0b-a1f4-111cd6c2d419,10,0,10,0,10,8,5,6,5.2,0.6,-0.33,1,1,0,,1,1.2,0.6,-0.33,1,1,0,,1,,,,1,1,57
12/8/17,2af37014-378f-4f0b-a1f4-111cd6c2d419,10,0,10,0,10,7,5,6,5.2,0.6,-0.33,1,1,0,,1,1.2,0.6,-0.33,1,1,0,,1,,,,1,1,57
12/9/17,2af37014-378f-4f0b-a1f4-111cd6c2d419,10,0,10,0,10,8,5,5,5.2,0.5,-0.4,1,1,0,,1,1.2,0.5,-0.4,1,1,0,,1,,,,1,1,57
12/10/17,2af37014-378f-4f0b-a1f4-111cd6c2d419,10,0,10,0,10,8,5,5,5.2,0.5,-0.4,1,1,0,,1,1.2,0.5,-0.4,1,1,0,,1,,,,1,1,57
12/11/17,2af37014-378f-4f0b-a1f4-111cd6c2d419,10,0,10,0,10,9,5,5,5.2,0.5,-0.4,1,1,0,,1,1.2,0.5,-0.4,1,1,0,,1,,,,1,1,71
12/12/17,2af37014-378f-4f0b-a1f4-111cd6c2d419,10,0,10,0,10,9,5,5,5.2,0.5,-0.4,1,1,0,,1,1.2,0.5,-0.4,1,1,0,,1,,,,1,1,86
12/13/17,2af37014-378f-4f0b-a1f4-111cd6c2d419,10,0,10,0,10,8,5,5,5.2,0.5,-0.4,1,1,0,,1,1.2,0.5,-0.4,1,1,0,,1,,,,1,1,100
12/14/17,2af37014-378f-4f0b-a1f4-111cd6c2d419,10,0,10,0,10,8,5,5,5.2,0.5,-0.4,1,1,0,,1,1.1,0.5,-0.2,1,1,0,,1,,,,1,1,100
12/18/17,2af37014-378f-4f0b-a1f4-111cd6c2d419,10,0,10,0,10,8,5,5,5.1,0.5,-0.2,1,1,0,,1,1.1,0.5,-0.2,1,1,0,,1,,,,1,1,57
12/19/17,2af37014-378f-4f0b-a1f4-111cd6c2d419,10,0,10,0,10,8,5,5,5.1,0.5,-0.2,1,1,0,,1,1.1,0.5,-0.2,1,1,0,,1,,,,1,1,57
12/20/17,2af37014-378f-4f0b-a1f4-111cd6c2d419,10,3,10,0,10,8,7,6,5.2,0.6,3,1,1,0,,3,1.2,0.6,3,1,1,0,,1,,,,1,1,57
12/21/17,2af37014-378f-4f0b-a1f4-111cd6c2d419,10,0,10,0,10,8.5,5,6,5.2,0.6,-0.33,1,1,0,,1,1.2,0.6,-0.33,1,1,0,,1,,,,1,1,57
12/22/17,2af37014-378f-4f0b-a1f4-111cd6c2d419,10,0,10,0,10,9,5,5,5.2,0.6,-0.33,1,1,0,,1,1.2,0.6,-0.33,1,1,0,,1,,,,1,1,71
12/26/17,2af37014-378f-4f0b-a1f4-111cd6c2d419,10,0,10,0,10,8,5,6,5.3,0.7,-0.43,1,1,0,,1,1.3,0.7,-0.43,1,1,0,,1,,,,1,1,57
12/29/17,2af37014-378f-4f0b-a1f4-111cd6c2d419,10,0,10,0,10,9,5,5,5.3,0.7,-0.43,1,1,0,,1,1.3,0.7,-0.43,1,1,0,,1,,,,1,1,29
12/31/17,2af37014-378f-4f0b-a1f4-111cd6c2d419,10,3,10,0,10,8,7,6,5.2,0.7,2.57,1,1,0,,3,1.2,0.7,2.57,1,1,0,,1,,,,1,1,43
1/2/18,2af37014-378f-4f0b-a1f4-111cd6c2d419,10,0,10,0,10,9,5,6,5.2,0.7,-0.29,1,1,0,,1,1.2,0.7,-0.29,1,1,0,,1,,,,1,1,43
1/3/18,2af37014-378f-4f0b-a1f4-111cd6c2d419,10,2,10,0,10,8,6,6,5.3,0.7,1,1,1,0,,2,1.3,0.7,1,1,1,0,,1,,,,1,1,57
1/4/18,2af37014-378f-4f0b-a1f4-111cd6c2d419,10,3,10,0,10,8,7,6,5.4,0.8,2,1,1,0,,3,1.4,0.8,2,1,1,0,,1,,,,1,1,71
1/5/18,2af37014-378f-4f0b-a1f4-111cd6c2d419,10,0,10,0,10,8,5,6,5.4,0.8,-0.5,1,1,0,,1,1.4,0.8,-0.5,1,1,0,,1,,,,1,1,71
1/7/18,2af37014-378f-4f0b-a1f4-111cd6c2d419,10,0,10,0,10,8,5,6,5.4,0.8,-0.5,1,1,0,,1,1.4,0.8,-0.5,1,1,0,,1,,,,1,1,71
1/8/18,2af37014-378f-4f0b-a1f4-111cd6c2d419,10,0,10,0,10,8,5,6,5.4,0.8,-0.5,1,1,0,,1,1.4,0.8,-0.5,1,1,0,,1,,,,1,1,86
1/9/18,2af37014-378f-4f0b-a1f4-111cd6c2d419,10,0,10,0,10,7.5,5,6,5.4,0.8,-0.5,1,1,0,,1,1.4,0.8,-0.5,1,1,0,,1,,,,1,1,86
1/12/18,2af37014-378f-4f0b-a1f4-111cd6c2d419,10,0,10,0,10,9,5,5,5.4,0.8,-0.5,1,1,0,,1,1.4,0.8,-0.5,1,1,0,,1,,,,1,1,57
1/13/18,2af37014-378f-4f0b-a1f4-111cd6c2d419,10,0,10,0,10,8,5,5,5.4,0.8,-0.5,1,1,0,,1,1.4,0.8,-0.5,1,1,0,,1,,,,1,1,71
1/15/18,2af37014-378f-4f0b-a1f4-111cd6c2d419,10,3,10,0,10,7,7,6,5.5,0.9,1.67,1,1,0,,3,1.5,0.9,1.67,1,1,0,,1,,,,1,1,57
1/16/18,2af37014-378f-4f0b-a1f4-111cd6c2d419,10,0,10,0,10,8,5,6,5.5,0.9,-0.56,1,1,0,,1,1.5,0.9,-0.56,1,1,0,,1,,,,1,1,57
1/18/18,2af37014-378f-4f0b-a1f4-111cd6c2d419,2,3,10,0,10,6,8,6,5.6,1,2.4,2,1.1,0.2,4.5,3,1.6,0.9,1.56,1,1,0,,1,,,,1,1,71
1/19/18,2af37014-378f-4f0b-a1f4-111cd6c2d419,10,0,10,0,10,8,5,6,5.6,1,-0.6,1,1.1,0.2,-0.5,1,1.6,0.9,-0.67,1,1,0,,1,,,,1,1,71
1/20/18,2af37014-378f-4f0b-a1f4-111cd6c2d419,10,0,10,0,10,7.5,5,6,5.6,1,-0.6,1,1.1,0.2,-0.5,1,1.5,0.9,-0.56,1,1,0,,1,,,,1,1,71
1/22/18,2af37014-378f-4f0b-a1f4-111cd6c2d419,10,0,10,0,10,8,5,6,5.6,1,-0.6,1,1.1,0.2,-0.5,1,1.5,0.9,-0.56,1,1,0,,1,,,,1,1,71
1/23/18,2af37014-378f-4f0b-a1f4-111cd6c2d419,10,0,10,0,10,7.5,5,6,5.6,1,-0.6,1,1.1,0.2,-0.5,1,1.5,0.9,-0.56,1,1,0,,1,,,,1,1,71
1/26/18,2af37014-378f-4f0b-a1f4-111cd6c2d419,10,0,10,0,10,8,5,5,5.6,1,-0.6,1,1.1,0.2,-0.5,1,1.5,0.9,-0.56,1,1,0,,1,,,,1,1,57
1/27/18,2af37014-378f-4f0b-a1f4-111cd6c2d419,10,0,10,0,10,8,5,5,5.5,1,-0.5,1,1.1,0.2,-0.5,1,1.5,0.8,-0.62,1,1,0,,1,,,,1,1,57
1/28/18,2af37014-378f-4f0b-a1f4-111cd6c2d419,10,0,10,0,10,7.5,5,5,5.4,0.9,-0.44,1,1.1,0.2,-0.5,1,1.4,0.8,-0.5,1,1,0,,1,,,,1,1,71
1/29/18,2af37014-378f-4f0b-a1f4-111cd6c2d419,10,0,10,0,10,9,5,5,5.4,0.9,-0.44,1,1.1,0.2,-0.5,1,1.4,0.7,-0.57,1,1,0,,1,,,,1,1,71
1/30/18,2af37014-378f-4f0b-a1f4-111cd6c2d419,10,0,10,0,10,3.5,5,5,5.4,0.9,-0.44,1,1.1,0.2,-0.5,1,1.4,0.7,-0.57,1,1,0,,1,,,,1,1,71
1/31/18,2af37014-378f-4f0b-a1f4-111cd6c2d419,10,0,10,0,10,8,5,5,5.3,0.9,-0.33,1,1.1,0.2,-0.5,1,1.3,0.7,-0.43,1,1,0,,1,,,,1,1,86
2/4/18,2af37014-378f-4f0b-a1f4-111cd6c2d419,10,2,10,0,10,8,6,5,5.3,0.8,0.88,1,1.1,0.2,-0.5,2,1.3,0.7,1,1,1,0,,1,,,,1,1,57
2/5/18,2af37014-378f-4f0b-a1f4-111cd6c2d419,10,0,10,0,10,8,5,5,5.3,0.8,-0.37,1,1.1,0.2,-0.5,1,1.3,0.7,-0.43,1,1,0,,1,,,,1,1,57
2/6/18,2af37014-378f-4f0b-a1f4-111cd6c2d419,10,0,10,0,10,8,5,5,5.3,0.8,-0.37,1,1.1,0.2,-0.5,1,1.3,0.7,-0.43,1,1,0,,1,,,,1,1,57
2/8/18,2af37014-378f-4f0b-a1f4-111cd6c2d419,10,0,10,0,10,8,5,5,5.3,0.8,-0.37,1,1.1,0.2,-0.5,1,1.3,0.7,-0.43,1,1,0,,1,,,,1,1,57
2/10/18,2af37014-378f-4f0b-a1f4-111cd6c2d419,10,0,10,0,10,8,5,5,5.3,0.8,-0.37,1,1.1,0.2,-0.5,1,1.3,0.7,-0.43,1,1,0,,1,,,,1,1,71
2/12/18,2af37014-378f-4f0b-a1f4-111cd6c2d419,10,0,10,0,10,9,5,5,5.2,0.7,-0.29,1,1.1,0.2,-0.5,1,1.2,0.5,-0.4,1,1,0,,1,,,,1,1,57
2/13/18,2af37014-378f-4f0b-a1f4-111cd6c2d419,10,0,10,0,10,9.5,5,5,5.2,0.7,-0.29,1,1.1,0.2,-0.5,1,1.2,0.5,-0.4,1,1,0,,1,,,,1,1,57
2/15/18,2af37014-378f-4f0b-a1f4-111cd6c2d419,10,0,10,0,10,10,5,5,5.1,0.2,-0.5,1,1,0,,1,1.1,0.2,-0.5,1,1,0,,1,,,,1,1,57
2/16/18,2af37014-378f-4f0b-a1f4-111cd6c2d419,10,0,10,0,10,9.5,5,5,5.1,0.2,-0.5,1,1,0,,1,1.1,0.2,-0.5,1,1,0,,1,,,,1,1,71
2/17/18,2af37014-378f-4f0b-a1f4-111cd6c2d419,10,0,10,0,10,8.5,5,5,5.1,0.2,-0.5,1,1,0,,1,1.1,0.2,-0.5,1,1,0,,1,,,,1,1,71
2/19/18,2af37014-378f-4f0b-a1f4-111cd6c2d419,10,0,10,0,10,9,5,5,5.1,0.2,-0.5,1,1,0,,1,1.1,0.2,-0.5,1,1,0,,1,,,,1,1,71
2/21/18,2af37014-378f-4f0b-a1f4-111cd6c2d419,10,0,10,0,10,8.5,5,5,5.1,0.2,-0.5,1,1,0,,1,1.1,0.2,-0.5,1,1,0,,1,,,,1,1,71
2/22/18,2af37014-378f-4f0b-a1f4-111cd6c2d419,10,0,10,0,10,8.5,5,5,5.1,0.2,-0.5,1,1,0,,1,1.1,0.2,-0.5,1,1,0,,1,,,,1,1,71
2/28/18,2af37014-378f-4f0b-a1f4-111cd6c2d419,10,0,10,0,10,9.5,5,5,5.1,0.3,-0.33,1,1,0,,1,1.1,0.3,-0.33,1,1,0,,1,,,,1,1,29
5/7/18,2af37014-378f-4f0b-a1f4-111cd6c2d419,10,2,10,0,10,8,6,6,6,0,,1,1,0,,2,2,0,,1,1,0,,1,1,0,,1,1,14
5/8/18,2af37014-378f-4f0b-a1f4-111cd6c2d419,10,2,10,0,10,7,6,6,6,0,,1,1,0,,2,2,0,,1,1,0,,1,1,0,,1,1,29
5/10/18,2af37014-378f-4f0b-a1f4-111cd6c2d419,10,2,10,0,10,7,6,6,6,0,,1,1,0,,2,2,0,,1,1,0,,1,1,0,,1,1,43
5/14/18,2af37014-378f-4f0b-a1f4-111cd6c2d419,10,0,10,0,10,7,5,6,5.8,0.5,-1.6,1,1,0,,1,1.8,0.5,-1.6,1,1,0,,1,1,0,,1,1,43
5/15/18,2af37014-378f-4f0b-a1f4-111cd6c2d419,10,0,10,0,10,7,5,5,5.6,0.5,-1.2,1,1,0,,1,1.6,0.5,-1.2,1,1,0,,1,1,0,,1,1,43
5/17/18,2af37014-378f-4f0b-a1f4-111cd6c2d419,10,0,10,0,10,7.5,5,5,5.5,0.5,-1,1,1,0,,1,1.5,0.5,-1,1,1,0,,1,1,0,,1,1,43
5/18/18,2af37014-378f-4f0b-a1f4-111cd6c2d419,10,0,10,0,10,6,5,5,5.4,0.5,-0.8,1,1,0,,1,1.4,0.5,-0.8,1,1,0,,1,1,0,,1,1,57
5/21/18,2af37014-378f-4f0b-a1f4-111cd6c2d419,10,0,10,0,10,6.5,5,5,5.4,0.5,-0.8,1,1,0,,1,1.4,0.5,-0.8,1,1,0,,1,1,0,,1,1,57
5/23/18,2af37014-378f-4f0b-a1f4-111cd6c2d419,10,0,10,0,10,7,5,5,5.3,0.5,-0.6,1,1,0,,1,1.3,0.5,-0.6,1,1,0,,1,1,0,,1,1,57
5/29/18,2af37014-378f-4f0b-a1f4-111cd6c2d419,10,0,10,0,10,7,5,5,5.3,0.5,-0.6,1,1,0,,1,1.3,0.5,-0.6,1,1,0,,1,1,0,,1,1,29
5/30/18,2af37014-378f-4f0b-a1f4-111cd6c2d419,10,0,10,0,10,7,5,5,5.3,0.5,-0.6,1,1,0,,1,1.3,0.5,-0.6,1,1,0,,1,1,0,,1,1,29
6/1/18,2af37014-378f-4f0b-a1f4-111cd6c2d419,10,0,10,0,10,7,5,5,5.2,0.5,-0.4,1,1,0,,1,1.2,0.5,-0.4,1,1,0,,1,1,0,,1,1,43
10/23/17,facc5bd9-2b6a-4d39-b6fe-a3f5a82d9379,8,3,4,2,5,7,22,22,22,0,,8,8,0,,3,3,0,,2,2,0,,5,,,,4,1,14
10/24/17,facc5bd9-2b6a-4d39-b6fe-a3f5a82d9379,3,4,4,3,5,9,19,20,20.5,2.1,-0.71,3,5.5,3.5,-0.71,4,3.5,0.7,0.71,3,2.5,0.7,0.71,5,,,,4,1,29
10/25/17,facc5bd9-2b6a-4d39-b6fe-a3f5a82d9379,4,4,4,3,4,7,19,20,20,1.7,-0.59,4,5,2.6,-0.38,4,3.7,0.6,0.5,3,2.7,0.6,0.5,4,,,,4,1,43
10/26/17,facc5bd9-2b6a-4d39-b6fe-a3f5a82d9379,4,4,4,4,4,8,20,20,20,1.4,0,4,4.8,2.2,-0.36,4,3.8,0.5,0.4,4,3,0.8,1.25,4,,,,4,1,57
10/27/17,facc5bd9-2b6a-4d39-b6fe-a3f5a82d9379,4,4,4,3,5,8,20,20,20,1.2,0,4,4.6,1.9,-0.32,4,3.8,0.4,0.5,3,3,0.7,0,5,,,,4,1,71
10/28/17,facc5bd9-2b6a-4d39-b6fe-a3f5a82d9379,3,4,4,4,4,7,19,20,19.8,1.2,-0.67,3,4.3,1.9,-0.68,4,3.8,0.4,0.5,4,3.2,0.8,1,4,,,,4,1,86
10/30/17,facc5bd9-2b6a-4d39-b6fe-a3f5a82d9379,4,3,3,3,5,6,18,19,19.6,1.3,-1.23,4,4.3,1.7,-0.18,3,3.7,0.5,-1.4,3,3.1,0.7,-0.14,5,,,,3,1,86
10/31/17,facc5bd9-2b6a-4d39-b6fe-a3f5a82d9379,4,4,3,3,4,9,18,19,19.4,1.3,-1.08,4,4.2,1.6,-0.13,4,3.8,0.5,0.4,3,3.1,0.6,-0.17,4,,,,3,1,86
11/1/17,facc5bd9-2b6a-4d39-b6fe-a3f5a82d9379,4,3,3,3,4,8,17,19,19.1,1.5,-1.4,4,4.2,1.5,-0.13,3,3.7,0.5,-1.4,3,3.1,0.6,-0.17,4,,,,3,1,86
11/2/17,facc5bd9-2b6a-4d39-b6fe-a3f5a82d9379,4,4,4,4,4,8.5,20,19,19.2,1.4,0.57,4,4.2,1.4,-0.14,4,3.7,0.5,0.6,4,3.2,0.6,1.33,4,,,,4,1,86
11/3/17,facc5bd9-2b6a-4d39-b6fe-a3f5a82d9379,4,4,4,4,4,8,20,19,19.3,1.3,0.54,4,4.2,1.3,-0.15,4,3.7,0.5,0.6,4,3.3,0.6,1.17,4,,,,4,1,86
11/4/17,facc5bd9-2b6a-4d39-b6fe-a3f5a82d9379,4,4,4,4,4,8.5,20,19,19.3,1.3,0.54,4,4.2,1.3,-0.15,4,3.8,0.5,0.4,4,3.3,0.7,1,4,,,,4,1,86
11/7/17,facc5bd9-2b6a-4d39-b6fe-a3f5a82d9379,3,3,4,4,4,9,18,19,19.2,1.3,-0.92,3,4.1,1.3,-0.85,3,3.7,0.5,-1.4,4,3.4,0.7,0.86,4,,,,4,1,71
11/8/17,facc5bd9-2b6a-4d39-b6fe-a3f5a82d9379,4,4,4,4,4,8,20,20,19.3,1.3,0.54,4,4.1,1.2,-0.08,4,3.7,0.5,0.6,4,3.4,0.6,1,4,,,,4,1,71
11/9/17,facc5bd9-2b6a-4d39-b6fe-a3f5a82d9379,4,4,4,4,4,8,20,20,19.3,1.2,0.58,4,4.1,1.2,-0.08,4,3.7,0.5,0.6,4,3.5,0.6,0.83,4,,,,4,1,71
11/12/17,facc5bd9-2b6a-4d39-b6fe-a3f5a82d9379,6,5,6,5,4,8,26,21,19.8,2,3.1,6,4.2,1.2,1.5,5,3.8,0.5,2.4,5,3.6,0.7,2,4,,,,6,1,57
11/21/17,facc5bd9-2b6a-4d39-b6fe-a3f5a82d9379,4,4,4,4,5,7.5,21,21,19.7,2.1,0.62,4,4,0.7,0,4,3.9,0.5,0.2,4,3.7,0.6,0.5,5,,,,4,1,14
11/22/17,facc5bd9-2b6a-4d39-b6fe-a3f5a82d9379,5,5,6,6,5,8,27,24,20.3,2.8,2.39,5,4.1,0.7,1.29,5,3.9,0.6,1.83,6,3.9,0.8,2.62,5,,,,6,1,29
11/23/17,facc5bd9-2b6a-4d39-b6fe-a3f5a82d9379,5,6,5,6,5,8,27,25,20.7,3.3,1.91,5,4.1,0.7,1.29,6,4.1,0.8,2.38,6,4.1,1,1.9,5,,,,5,1,43
11/24/17,facc5bd9-2b6a-4d39-b6fe-a3f5a82d9379,4,6,5,6,5,8,26,25,21.1,3.5,1.4,4,4.1,0.7,-0.14,6,4.2,0.9,2,6,4.3,1,1.7,5,,,,5,1,57
11/26/17,facc5bd9-2b6a-4d39-b6fe-a3f5a82d9379,4,5,5,5,4,8,23,25,21.4,3.5,0.46,4,4.2,0.7,-0.29,5,4.3,1,0.7,5,4.3,1,0.7,4,,,,5,1,71
11/27/17,facc5bd9-2b6a-4d39-b6fe-a3f5a82d9379,4,5,4,5,5,8,23,24,21.7,3.4,0.38,4,4.2,0.7,-0.29,5,4.4,0.9,0.67,5,4.5,1,0.5,5,,,,4,1,86
11/28/17,facc5bd9-2b6a-4d39-b6fe-a3f5a82d9379,5,5,5,5,5,8,25,25,22.2,3.3,0.85,5,4.3,0.7,1,5,4.5,0.9,0.56,5,4.6,0.9,0.44,5,,,,5,1,86
11/29/17,facc5bd9-2b6a-4d39-b6fe-a3f5a82d9379,5,6,5,5,5,5,26,25,22.8,3.1,1.03,5,4.3,0.7,1,6,4.7,0.9,1.44,5,4.7,0.8,0.37,5,,,,5,1,86
11/30/17,facc5bd9-2b6a-4d39-b6fe-a3f5a82d9379,5,5,5,5,4,8,24,24,23.1,3,0.3,5,4.4,0.7,0.86,5,4.7,0.9,0.33,5,4.8,0.8,0.25,4,,,,5,1,86
12/1/17,facc5bd9-2b6a-4d39-b6fe-a3f5a82d9379,4,5,5,5,5,8,24,24,23.3,2.9,0.24,4,4.4,0.7,-0.57,5,4.8,0.9,0.22,5,4.9,0.7,0.14,5,,,,5,1,86
12/2/17,facc5bd9-2b6a-4d39-b6fe-a3f5a82d9379,5,8,6,6,5,7.5,30,25,24,3.2,1.88,5,4.5,0.7,0.71,8,5.1,1.2,2.42,6,5,0.8,1.25,5,,,,6,1,100
12/3/17,facc5bd9-2b6a-4d39-b6fe-a3f5a82d9379,5,7,5,6,5,8,28,26,24.2,3.3,1.15,5,4.5,0.7,0.71,7,5.2,1.2,1.5,6,5.1,0.8,1.13,5,,,,5,1,100
12/7/17,facc5bd9-2b6a-4d39-b6fe-a3f5a82d9379,6,7,6,6,5,8,30,28,25.7,2.6,1.65,6,4.8,0.7,1.71,7,5.6,1.1,1.27,6,5.4,0.6,1,5,,,,6,1,57
12/8/17,facc5bd9-2b6a-4d39-b6fe-a3f5a82d9379,6,6,6,6,5,7.5,29,29,25.9,2.7,1.15,6,4.9,0.7,1.57,6,5.7,1,0.3,6,5.4,0.6,1,5,,,,6,1,57
12/9/17,facc5bd9-2b6a-4d39-b6fe-a3f5a82d9379,6,7,6,6,5,8,30,29,26.2,2.8,1.36,6,4.9,0.8,1.37,7,5.8,1.1,1.09,6,5.4,0.6,1,5,,,,6,1,57
12/10/17,facc5bd9-2b6a-4d39-b6fe-a3f5a82d9379,7,7,6,5,5,8,30,30,26.4,2.9,1.24,7,5,0.9,2.22,7,5.9,1.1,1,5,5.4,0.6,-0.67,5,,,,6,1,57
12/11/17,facc5bd9-2b6a-4d39-b6fe-a3f5a82d9379,7,6,6,5,5,8,29,30,26.6,2.9,0.83,7,5.1,1,1.9,6,5.9,1.1,0.09,5,5.4,0.6,-0.67,5,,,,6,1,71
12/12/17,facc5bd9-2b6a-4d39-b6fe-a3f5a82d9379,6,6,7,6,5,8,30,30,26.8,2.9,1.1,6,5.2,1,0.8,6,5.9,1,0.1,6,5.4,0.6,1,5,,,,7,1,86
12/13/17,facc5bd9-2b6a-4d39-b6fe-a3f5a82d9379,6,7,6,5,5,8,29,30,26.9,2.9,0.72,6,5.2,1,0.8,7,5.9,1,1.1,5,5.4,0.6,-0.67,5,,,,6,1,100
12/14/17,facc5bd9-2b6a-4d39-b6fe-a3f5a82d9379,6,6,6,5,5,8,28,29,26.9,2.8,0.39,6,5.2,1,0.8,6,6,1,0,5,5.4,0.6,-0.67,5,,,,6,1,100
12/18/17,facc5bd9-2b6a-4d39-b6fe-a3f5a82d9379,5,4,4,4,5,8,22,27,26.7,3,-1.57,5,5.2,0.9,-0.22,4,5.9,1.1,-1.73,4,5.3,0.7,-1.86,5,,,,4,1,57
12/19/17,facc5bd9-2b6a-4d39-b6fe-a3f5a82d9379,5,5,5,4,5,8,24,26,26.9,2.7,-1.07,5,5.3,0.9,-0.33,5,5.9,1,-0.9,4,5.3,0.7,-1.86,5,,,,5,1,57
12/20/17,facc5bd9-2b6a-4d39-b6fe-a3f5a82d9379,5,5,5,5,5,8.5,25,25,26.8,2.8,-0.64,5,5.3,0.9,-0.33,5,5.9,1,-0.9,5,5.3,0.6,-0.5,5,,,,5,1,57
12/21/17,facc5bd9-2b6a-4d39-b6fe-a3f5a82d9379,5,5,5,5,5,8,25,24,26.7,2.8,-0.61,5,5.3,0.9,-0.33,5,5.9,1,-0.9,5,5.2,0.6,-0.33,5,,,,5,1,57
12/22/17,facc5bd9-2b6a-4d39-b6fe-a3f5a82d9379,5,5,5,5,5,8,25,24,26.6,2.8,-0.57,5,5.3,0.9,-0.33,5,5.8,1,-0.8,5,5.2,0.6,-0.33,5,,,,5,1,71
12/26/17,facc5bd9-2b6a-4d39-b6fe-a3f5a82d9379,4,4,4,3,5,8,20,24,26.7,3.1,-2.16,4,5.4,0.8,-1.75,4,5.8,1.1,-1.64,3,5.1,0.8,-2.62,5,,,,4,1,57
12/29/17,facc5bd9-2b6a-4d39-b6fe-a3f5a82d9379,5,5,5,4,5,8,24,22,26.9,3.2,-0.91,5,5.5,0.8,-0.62,5,5.9,1.2,-0.75,4,5.1,0.9,-1.22,5,,,,5,1,29
12/31/17,facc5bd9-2b6a-4d39-b6fe-a3f5a82d9379,5,5,5,4,5,8,24,23,26.5,3.2,-0.78,5,5.6,0.8,-0.75,5,5.6,1,-0.6,4,4.9,0.9,-1,5,,,,5,1,43
1/2/18,facc5bd9-2b6a-4d39-b6fe-a3f5a82d9379,4,5,5,4,4,8,22,23,26.2,3.3,-1.27,4,5.5,0.9,-1.67,5,5.6,1,-0.6,4,4.8,0.9,-0.89,4,,,,5,1,43
1/3/18,facc5bd9-2b6a-4d39-b6fe-a3f5a82d9379,7,6,6,4,5,5,28,24,26.3,3.3,0.52,7,5.6,0.9,1.56,6,5.6,1,0.4,4,4.8,0.9,-0.89,5,,,,6,1,57
1/4/18,facc5bd9-2b6a-4d39-b6fe-a3f5a82d9379,5,5,6,4,5,8,25,25,26.1,3.1,-0.35,5,5.5,0.9,-0.56,5,5.5,0.9,-0.56,4,4.7,0.8,-0.88,5,,,,6,1,71
1/5/18,facc5bd9-2b6a-4d39-b6fe-a3f5a82d9379,5,5,5,5,5,8,25,25,25.8,3.1,-0.26,5,5.4,0.9,-0.44,5,5.4,0.9,-0.44,5,4.6,0.8,0.5,5,,,,5,1,71
1/7/18,facc5bd9-2b6a-4d39-b6fe-a3f5a82d9379,5,6,5,6,5,8,27,25,25.4,2.8,0.57,5,5.3,0.8,-0.37,6,5.3,0.8,0.88,6,4.6,0.8,1.75,5,,,,5,1,71
1/8/18,facc5bd9-2b6a-4d39-b6fe-a3f5a82d9379,5,6,5,6,5,8,27,26,25.3,2.6,0.65,5,5.2,0.7,-0.29,6,5.3,0.8,0.88,6,4.6,0.9,1.56,5,,,,5,1,86
1/9/18,facc5bd9-2b6a-4d39-b6fe-a3f5a82d9379,5,6,6,5,5,8,27,26,25.1,2.4,0.79,5,5.1,0.7,-0.14,6,5.3,0.8,0.88,5,4.6,0.8,0.5,5,,,,6,1,86
1/12/18,facc5bd9-2b6a-4d39-b6fe-a3f5a82d9379,5,6,6,7,5,7,29,28,24.9,2.4,1.71,5,5,0.6,0,6,5.2,0.7,1.14,7,4.7,1,2.3,5,,,,6,1,57
1/13/18,facc5bd9-2b6a-4d39-b6fe-a3f5a82d9379,7,5,5,5,5,8,27,27,25.1,2.3,0.83,7,5.1,0.8,2.38,5,5.2,0.6,-0.33,5,4.7,1,0.3,5,,,,5,1,71
1/15/18,facc5bd9-2b6a-4d39-b6fe-a3f5a82d9379,7,7,6,7,5,7,32,29,25.6,2.7,2.37,7,5.2,0.9,2,7,5.4,0.7,2.29,7,4.9,1.1,1.91,5,,,,6,1,57
1/16/18,facc5bd9-2b6a-4d39-b6fe-a3f5a82d9379,7,6,6,7,5,8,31,30,26.1,3,1.63,7,5.4,1,1.6,6,5.4,0.7,0.86,7,5.1,1.2,1.58,5,,,,6,1,57
1/18/18,facc5bd9-2b6a-4d39-b6fe-a3f5a82d9379,7,7,7,7,5,5,33,30,26.6,3.5,1.83,7,5.5,1.1,1.36,7,5.6,0.8,1.75,7,5.2,1.3,1.38,5,,,,7,1,71
1/19/18,facc5bd9-2b6a-4d39-b6fe-a3f5a82d9379,7,7,7,7,6,8,34,31,27.2,3.9,1.74,7,5.6,1.1,1.27,7,5.7,0.9,1.44,7,5.3,1.4,1.21,6,,,,7,1,71
1/20/18,facc5bd9-2b6a-4d39-b6fe-a3f5a82d9379,7,7,6,6,5,8,31,32,27.4,3.9,0.92,7,5.7,1.2,1.08,7,5.8,0.9,1.33,6,5.4,1.4,0.43,5,,,,6,1,71
1/22/18,facc5bd9-2b6a-4d39-b6fe-a3f5a82d9379,5,5,6,6,5,9,27,31,27.4,3.8,-0.11,5,5.7,1.1,-0.64,5,5.7,0.9,-0.78,6,5.4,1.3,0.46,5,,,,6,1,71
1/23/18,facc5bd9-2b6a-4d39-b6fe-a3f5a82d9379,7,7,7,6,5,8,32,31,28.1,3.5,1.11,7,5.8,1.1,1.09,7,5.9,0.8,1.37,6,5.6,1.2,0.33,5,,,,7,1,71
1/26/18,facc5bd9-2b6a-4d39-b6fe-a3f5a82d9379,5,5,5,6,5,7,26,29,28.2,3.3,-0.67,5,5.8,1.1,-0.73,5,5.9,0.8,-1.13,6,5.7,1.1,0.27,5,,,,5,1,57
1/27/18,facc5bd9-2b6a-4d39-b6fe-a3f5a82d9379,6,7,7,6,5,8,31,29,28.3,3.3,0.82,6,5.8,1.1,0.18,7,5.9,0.8,1.37,6,5.7,1.1,0.27,5,,,,7,1,57
1/28/18,facc5bd9-2b6a-4d39-b6fe-a3f5a82d9379,5,6,7,6,5,8,29,29,28.6,3.2,0.12,5,5.8,1.1,-0.73,6,6,0.8,0,6,5.8,1,0.2,5,,,,7,1,71
1/29/18,facc5bd9-2b6a-4d39-b6fe-a3f5a82d9379,6,7,6,6,6,8,31,30,28.7,3.1,0.74,6,5.8,1,0.2,7,6,0.8,1.25,6,5.8,1,0.2,6,,,,6,1,71
1/30/18,facc5bd9-2b6a-4d39-b6fe-a3f5a82d9379,7,8,8,7,6,6,36,31,29.4,3.1,2.13,7,6,1,1,8,6.2,0.9,2,7,6,0.9,1.11,6,,,,8,1,71
1/31/18,facc5bd9-2b6a-4d39-b6fe-a3f5a82d9379,8,7,7,6,5,8,33,31,29.6,3.2,1.06,8,6,1.1,1.82,7,6.2,0.9,0.89,6,6,0.8,0,5,,,,7,1,86
2/3/18,facc5bd9-2b6a-4d39-b6fe-a3f5a82d9379,7,5,6,7,5,8,30,32,30.2,2.8,-0.07,7,6.2,1,0.8,5,6.3,0.9,-1.44,7,6.3,0.7,1,5,,,,6,1,71
2/4/18,facc5bd9-2b6a-4d39-b6fe-a3f5a82d9379,7,7,7,6,6,8,33,33,30.5,2.8,0.89,7,6.3,1,0.7,7,6.4,0.9,0.67,6,6.3,0.7,-0.43,6,,,,7,1,71
2/5/18,facc5bd9-2b6a-4d39-b6fe-a3f5a82d9379,7,7,8,6,5,8,33,33,30.8,2.7,0.81,7,6.4,1,0.6,7,6.4,0.9,0.67,6,6.3,0.7,-0.43,5,,,,8,1,71
2/6/18,facc5bd9-2b6a-4d39-b6fe-a3f5a82d9379,7,8,8,8,5,8,36,33,31.3,2.8,1.68,7,6.5,0.9,0.56,8,6.5,1,1.5,8,6.4,0.7,2.29,5,,,,8,1,71
5/7/18,facc5bd9-2b6a-4d39-b6fe-a3f5a82d9379,3,3,4,5,4,7.5,19,19,19,0,,3,3,0,,3,3,0,,5,5,0,,4,4,0,,4,1,14
5/8/18,facc5bd9-2b6a-4d39-b6fe-a3f5a82d9379,4,4,5,5,5,7.5,23,21,21,2.8,0.71,4,3.5,0.7,0.71,4,3.5,0.7,0.71,5,5,0,,5,4.5,0.7,0.71,5,1,29
5/10/18,facc5bd9-2b6a-4d39-b6fe-a3f5a82d9379,5,6,5,5,5,8,26,23,22.7,3.5,0.94,5,4,1,1,6,4.3,1.5,1.13,5,5,0,,5,4.7,0.6,0.5,5,1,43
5/14/18,facc5bd9-2b6a-4d39-b6fe-a3f5a82d9379,4,4,4,5,4,7.5,21,23,22.2,3,-0.4,4,4,0.8,0,4,4.2,1.3,-0.15,5,5,0,,4,4.5,0.6,-0.83,4,1,43
5/15/18,facc5bd9-2b6a-4d39-b6fe-a3f5a82d9379,5,5,4,5,4,8,23,23,22.4,2.6,0.23,5,4.2,0.8,1,5,4.4,1.1,0.55,5,5,0,,4,4.4,0.5,-0.8,4,1,43
5/17/18,facc5bd9-2b6a-4d39-b6fe-a3f5a82d9379,5,6,5,5,4,6.5,25,23,22.8,2.6,0.85,5,4.3,0.8,0.88,6,4.7,1.2,1.08,5,5,0,,4,4.3,0.5,-0.6,5,1,43
5/18/18,facc5bd9-2b6a-4d39-b6fe-a3f5a82d9379,4,4,5,5,5,7,23,23,22.9,2.3,0.04,4,4.3,0.8,-0.37,4,4.6,1.1,-0.55,5,5,0,,5,4.4,0.5,1.2,5,1,57
5/21/18,facc5bd9-2b6a-4d39-b6fe-a3f5a82d9379,5,5,5,6,5,7,26,24,23.2,2.4,1.17,5,4.4,0.7,0.86,5,4.6,1.1,0.36,6,5.1,0.4,2.25,5,4.5,0.5,1,5,1,57
5/23/18,facc5bd9-2b6a-4d39-b6fe-a3f5a82d9379,5,6,5,5,4,7,25,25,23.4,2.4,0.67,5,4.4,0.7,0.86,6,4.8,1.1,1.09,5,5.1,0.3,-0.33,4,4.4,0.5,-0.8,5,1,57
5/29/18,facc5bd9-2b6a-4d39-b6fe-a3f5a82d9379,5,4,5,5,5,6,24,24,23.5,2.2,0.23,5,4.5,0.7,0.71,4,4.7,1.1,-0.64,5,5.1,0.3,-0.33,5,4.5,0.5,1,5,1,29
5/30/18,facc5bd9-2b6a-4d39-b6fe-a3f5a82d9379,5,5,5,5,5,6,25,24,23.6,2.2,0.64,5,4.5,0.7,0.71,5,4.7,1,0.3,5,5.1,0.3,-0.33,5,4.5,0.5,1,5,1,29
5/31/18,facc5bd9-2b6a-4d39-b6fe-a3f5a82d9379,5,6,5,5,5,7,26,25,23.8,2.2,1,5,4.6,0.7,0.57,6,4.8,1,1.2,5,5.1,0.3,-0.33,5,4.6,0.5,0.8,5,1,43
6/1/18,facc5bd9-2b6a-4d39-b6fe-a3f5a82d9379,5,5,5,6,5,7,26,25,24,2.2,0.91,5,4.6,0.7,0.57,5,4.8,1,0.2,6,5.2,0.4,2,5,4.6,0.5,0.8,5,1,57
11/2/17,288470a7-76d2-4d55-869a-5d4cd9dc7854,6,6,5,4,5,9,26,26,26,0,,6,6,0,,6,6,0,,4,4,0,,5,,,,5,1,14
11/3/17,288470a7-76d2-4d55-869a-5d4cd9dc7854,5,4,5,4,4,9,22,24,24,2.8,-0.71,5,5.5,0.7,-0.71,4,5,1.4,-0.71,4,4,0,,4,,,,5,1,29
11/4/17,288470a7-76d2-4d55-869a-5d4cd9dc7854,4,7,4,4,5,7,24,24,24,2,0,4,5,1,-1,7,5.7,1.5,0.87,4,4,0,,5,,,,4,1,43
11/7/17,288470a7-76d2-4d55-869a-5d4cd9dc7854,7,2,6,5,5,8,25,24,24.2,1.7,0.47,7,5.5,1.3,1.15,2,4.8,2.2,-1.27,5,4.2,0.5,1.6,5,,,,6,1,57
11/8/17,288470a7-76d2-4d55-869a-5d4cd9dc7854,5,3,4,7,5,8,24,24,24.2,1.5,-0.13,5,5.4,1.1,-0.36,3,4.4,2.1,-0.67,7,4.8,1.3,1.69,5,,,,4,1,71
11/22/17,288470a7-76d2-4d55-869a-5d4cd9dc7854,3,5,4,5,4,10,21,21,23.7,1.9,-1.42,3,5,1.4,-1.43,5,4.5,1.9,0.26,5,4.8,1.2,0.17,4,,,,4,1,14
2/3/18,288470a7-76d2-4d55-869a-5d4cd9dc7854,1,4,Very Low,3,6,9,33,33,33,0,,10,10,0,,4,4,0,,3,3,0,,6,,,,10,1,14
5/7/18,288470a7-76d2-4d55-869a-5d4cd9dc7854,8,2,5,6,5,7,26,26,26,0,,8,8,0,,2,2,0,,6,6,0,,5,5,0,,5,1,14
5/8/18,288470a7-76d2-4d55-869a-5d4cd9dc7854,8,4,5,7,5,7.5,29,28,27.5,2.1,0.71,8,8,0,,4,3,1.4,0.71,7,6.5,0.7,0.71,5,5,0,,5,1,29
5/10/18,288470a7-76d2-4d55-869a-5d4cd9dc7854,7,4,6,4,5,6,26,27,27,1.7,-0.59,7,7.7,0.6,-1.17,4,3.3,1.2,0.58,4,5.7,1.5,-1.13,5,5,0,,6,1,43
5/14/18,288470a7-76d2-4d55-869a-5d4cd9dc7854,3,2,4,4,4,7.5,17,24,24.5,5.2,-1.44,3,6.5,2.4,-1.46,2,3,1.2,-0.83,4,5.2,1.5,-0.8,4,4.8,0.5,-1.6,4,1,43
5/15/18,288470a7-76d2-4d55-869a-5d4cd9dc7854,6,3,2,4,4,7,19,21,23.4,5.1,-0.86,6,6.4,2.1,-0.19,3,3,1,0,4,5,1.4,-0.71,4,4.6,0.5,-1.2,2,1,43
5/17/18,288470a7-76d2-4d55-869a-5d4cd9dc7854,10,3,4,4,5,7,17,18,22.3,5.3,-1,1,5.5,2.9,-1.55,3,3,0.9,0,4,4.8,1.3,-0.62,5,4.7,0.5,0.6,4,1,43
5/18/18,288470a7-76d2-4d55-869a-5d4cd9dc7854,3,5,4,2,5,7,19,18,21.9,5,-0.58,3,5.1,2.8,-0.75,5,3.3,1.1,1.55,2,4.4,1.6,-1.5,5,4.7,0.5,0.6,4,1,57
5/21/18,288470a7-76d2-4d55-869a-5d4cd9dc7854,3,2,4,3,5,8,17,18,21.2,4.9,-0.86,3,4.9,2.7,-0.7,2,3.1,1.1,-1,3,4.2,1.6,-0.75,5,4.8,0.5,0.4,4,1,57
5/23/18,288470a7-76d2-4d55-869a-5d4cd9dc7854,4,5,4,4,3,7,20,18,21.1,4.6,-0.24,4,4.8,2.5,-0.32,5,3.3,1.2,1.42,4,4.2,1.5,-0.13,3,4.6,0.7,-2.29,4,1,57
5/29/18,288470a7-76d2-4d55-869a-5d4cd9dc7854,2,3,3,5,3,7.5,16,18,20.6,4.6,-1,2,4.5,2.5,-1,3,3.3,1.2,-0.25,5,4.3,1.4,0.5,3,4.4,0.8,-1.75,3,1,29
5/30/18,288470a7-76d2-4d55-869a-5d4cd9dc7854,3,4,4,4,4,7,19,18,20.5,4.4,-0.34,3,4.4,2.5,-0.56,4,3.4,1.1,0.55,4,4.3,1.3,-0.23,4,4.4,0.8,-0.5,4,1,29
5/31/18,288470a7-76d2-4d55-869a-5d4cd9dc7854,4,5,3,4,4,7,20,18,20.4,4.2,-0.1,4,4.3,2.3,-0.13,5,3.5,1.2,1.25,4,4.2,1.3,-0.15,4,4.3,0.8,-0.37,3,1,43
6/1/18,288470a7-76d2-4d55-869a-5d4cd9dc7854,3,4,4,5,4,6,20,19,20.4,4.1,-0.1,3,4.2,2.3,-0.52,4,3.5,1.1,0.45,5,4.3,1.3,0.54,4,4.3,0.8,-0.37,4,1,57
10/23/17,bc83f44d-fdf4-42a7-a23b-565de107bb9c,2,4,10,3,3,7,13,13,13,0,,2,2,0,,4,4,0,,3,3,0,,3,,,,1,1,14
10/31/17,bc83f44d-fdf4-42a7-a23b-565de107bb9c,7,5,10,3,3,9,19,19,16,4.2,0.71,7,4.5,3.5,0.71,5,4.5,0.7,0.71,3,3,0,,3,,,,1,1,14
11/1/17,bc83f44d-fdf4-42a7-a23b-565de107bb9c,4,5,10,3,4,7,17,18,16.3,3.1,0.23,4,4.3,2.5,-0.12,5,4.7,0.6,0.5,3,3,0,,4,,,,1,1,29
11/2/17,bc83f44d-fdf4-42a7-a23b-565de107bb9c,3,5,10,3,4,9,16,17,16.2,2.5,-0.08,3,4,2.2,-0.45,5,4.8,0.5,0.4,3,3,0,,4,,,,1,1,43
11/3/17,bc83f44d-fdf4-42a7-a23b-565de107bb9c,2,6,10,2,10,7,12,16,15.4,2.9,-1.17,2,3.6,2.1,-0.76,6,5,0.7,1.43,2,2.8,0.4,-2,1,,,,1,1,57
11/4/17,bc83f44d-fdf4-42a7-a23b-565de107bb9c,3,4,10,0,2,8,11,15,14.7,3.1,-1.19,3,3.5,1.9,-0.26,4,4.8,0.8,-1,1,2.5,0.8,-1.88,2,,,,1,1,71
11/7/17,bc83f44d-fdf4-42a7-a23b-565de107bb9c,3,3,10,0,10,9,9,13,13.9,3.6,-1.36,3,3.4,1.7,-0.24,3,4.6,1,-1.6,1,2.3,1,-1.3,1,,,,1,1,71
11/8/17,bc83f44d-fdf4-42a7-a23b-565de107bb9c,10,0,10,0,10,10,5,11,12.8,4.6,-1.7,1,3.1,1.8,-1.17,1,4.1,1.6,-1.94,1,2.1,1,-1.1,1,,,,1,1,71
11/9/17,bc83f44d-fdf4-42a7-a23b-565de107bb9c,2,3,10,0,10,9,8,9,12.2,4.5,-0.93,2,3,1.7,-0.59,3,4,1.5,-0.67,1,2,1,-1,1,,,,1,1,71
11/12/17,bc83f44d-fdf4-42a7-a23b-565de107bb9c,3,3,4,0,10,8,12,8,12.2,4.3,-0.05,3,3,1.6,0,3,3.9,1.4,-0.64,1,1.9,1,-0.9,1,,,,4,1,57
11/21/17,bc83f44d-fdf4-42a7-a23b-565de107bb9c,2,3,3,6,10,9,15,15,12.4,4.4,0.59,2,3,1.6,-0.62,3,3.8,1.5,-0.53,6,2.2,1.6,2.37,1,,,,3,1,14
11/22/17,bc83f44d-fdf4-42a7-a23b-565de107bb9c,2,4,10,3,10,7,11,13,12.3,4.2,-0.31,2,2.9,1.6,-0.56,4,3.8,1.4,0.14,3,2.3,1.6,0.44,1,,,,1,1,29
11/23/17,bc83f44d-fdf4-42a7-a23b-565de107bb9c,3,6,3,2,10,8,15,14,12.5,4.1,0.61,3,2.9,1.5,0.07,6,4,1.5,1.33,2,2.2,1.5,-0.13,1,,,,3,1,43
11/24/17,bc83f44d-fdf4-42a7-a23b-565de107bb9c,10,3,2,0,10,8,8,12,12.2,4.1,-1.02,1,2.8,1.5,-1.2,3,3.9,1.4,-0.64,1,2.2,1.5,-0.8,1,,,,2,1,57
11/26/17,bc83f44d-fdf4-42a7-a23b-565de107bb9c,3,3,10,0,10,9,9,12,11.9,4,-0.73,3,2.8,1.5,0.13,3,3.9,1.4,-0.64,1,2.1,1.4,-0.79,1,,,,1,1,71
11/27/17,bc83f44d-fdf4-42a7-a23b-565de107bb9c,3,3,10,2,10,9,10,11,11.8,3.9,-0.46,3,2.8,1.4,0.14,3,3.8,1.4,-0.57,2,2.1,1.4,-0.07,1,,,,1,1,86
11/28/17,bc83f44d-fdf4-42a7-a23b-565de107bb9c,10,3,2,0,10,8,8,10,11.1,3.5,-0.89,1,2.4,0.9,-1.56,3,3.7,1.3,-0.54,1,1.9,1.4,-0.64,1,,,,2,1,86
11/29/17,bc83f44d-fdf4-42a7-a23b-565de107bb9c,3,2,10,0,2,6,9,10,10.5,3.1,-0.48,3,2.3,0.8,0.88,2,3.5,1.4,-1.07,1,1.8,1.4,-0.57,2,,,,1,1,86
11/30/17,bc83f44d-fdf4-42a7-a23b-565de107bb9c,10,0,10,0,10,8,5,8,9.8,3,-1.6,1,2.2,0.9,-1.33,1,3.2,1.4,-1.57,1,1.7,1.3,-0.54,1,,,,1,1,86
12/1/17,bc83f44d-fdf4-42a7-a23b-565de107bb9c,10,3,10,0,10,8,7,8,9.5,3,-0.83,1,2.1,0.9,-1.22,3,3,1.2,0,1,1.6,1.4,-0.43,1,,,,1,1,86
12/2/17,bc83f44d-fdf4-42a7-a23b-565de107bb9c,10,0,10,0,10,10,5,8,9.1,3.2,-1.28,1,2,0.9,-1.11,1,2.8,1.3,-1.38,1,1.6,1.4,-0.43,1,,,,1,1,100
12/3/17,bc83f44d-fdf4-42a7-a23b-565de107bb9c,10,3,10,0,10,9,7,7,8.9,3.1,-0.61,1,1.9,0.9,-1,3,2.8,1.2,0.17,1,1.6,1.3,-0.46,1,,,,1,1,100
12/7/17,bc83f44d-fdf4-42a7-a23b-565de107bb9c,10,0,10,0,2,9,6,6,9.1,3.2,-0.97,1,1.9,0.9,-1,1,2.8,1.3,-1.38,1,1.6,1.4,-0.43,2,,,,1,1,57
12/8/17,bc83f44d-fdf4-42a7-a23b-565de107bb9c,10,4,10,2,10,9,9,7,9.1,3.1,-0.03,1,1.8,0.9,-0.89,4,2.9,1.3,0.85,2,1.7,1.3,0.23,1,,,,1,1,57
12/9/17,bc83f44d-fdf4-42a7-a23b-565de107bb9c,3,4,3,0,10,7,12,8,9.2,3.1,0.9,3,1.9,1,1.1,4,2.9,1.3,0.85,1,1.6,1.3,-0.46,1,,,,3,1,57
12/10/17,bc83f44d-fdf4-42a7-a23b-565de107bb9c,3,3,10,0,10,9,9,9,9.1,3,-0.03,3,1.9,1,1.1,3,2.9,1.3,0.08,1,1.6,1.3,-0.46,1,,,,1,1,57
12/11/17,bc83f44d-fdf4-42a7-a23b-565de107bb9c,10,0,10,0,10,9,5,8,8.8,3.1,-1.23,1,1.8,1,-0.8,1,2.8,1.3,-1.38,1,1.6,1.3,-0.46,1,,,,1,1,71
12/12/17,bc83f44d-fdf4-42a7-a23b-565de107bb9c,10,0,10,0,10,10,5,8,8.6,3.1,-1.16,1,1.8,0.9,-0.89,1,2.7,1.4,-1.21,1,1.6,1.2,-0.5,1,,,,1,1,86
12/13/17,bc83f44d-fdf4-42a7-a23b-565de107bb9c,2,0,10,0,10,10,6,7,8.5,3.1,-0.81,2,1.8,0.9,0.22,1,2.6,1.4,-1.14,1,1.5,1.2,-0.42,1,,,,1,1,100
12/14/17,bc83f44d-fdf4-42a7-a23b-565de107bb9c,2,3,10,0,10,9,8,8,8.4,3,-0.13,2,1.8,0.9,0.22,3,2.6,1.3,0.31,1,1.5,1.2,-0.42,1,,,,1,1,100
12/21/17,bc83f44d-fdf4-42a7-a23b-565de107bb9c,3,0,3,6,10,8,14,14,7.9,2.5,2.44,3,1.8,0.9,1.33,1,2.3,1.1,-1.18,6,1.4,1.2,3.83,1,,,,3,1,14
12/22/17,bc83f44d-fdf4-42a7-a23b-565de107bb9c,2,3,10,0,10,8,8,11,7.9,2.5,0.04,2,1.8,0.9,0.22,3,2.3,1.1,0.64,1,1.4,1.2,-0.33,1,,,,1,1,29
12/26/17,bc83f44d-fdf4-42a7-a23b-565de107bb9c,10,0,10,0,10,9,5,9,7.5,2.7,-0.93,1,1.7,0.9,-0.78,1,2.1,1.2,-0.92,1,1.4,1.3,-0.31,1,,,,1,1,43
12/29/17,bc83f44d-fdf4-42a7-a23b-565de107bb9c,3,3,2,0,5,8,14,10,8.1,3.2,1.84,3,1.8,0.9,1.33,3,2.1,1.2,0.75,1,1.4,1.3,-0.31,5,,,,2,1,29
12/31/17,bc83f44d-fdf4-42a7-a23b-565de107bb9c,3,0,10,2,2,9,9,9,8.5,3.2,0.16,3,2,0.9,1.11,1,2.1,1.3,-0.85,2,1.5,1.4,0.36,2,,,,1,1,43
1/2/18,bc83f44d-fdf4-42a7-a23b-565de107bb9c,10,4,3,0,10,9,10,11,8.6,3.1,0.45,1,1.9,0.9,-1,4,2.2,1.3,1.38,1,1.5,1.3,-0.38,1,,,,3,1,43
1/3/18,bc83f44d-fdf4-42a7-a23b-565de107bb9c,3,6,10,8,10,9,19,13,9.3,4,2.42,3,2,0.9,1.11,6,2.5,1.6,2.19,8,1.9,2.1,2.9,1,,,,1,1,57
1/4/18,bc83f44d-fdf4-42a7-a23b-565de107bb9c,3,9,10,0,10,9,15,13,9.9,4.2,1.21,3,2.1,0.9,1,9,3,2.3,2.61,1,1.9,2.1,-0.43,1,,,,1,1,71
1/5/18,bc83f44d-fdf4-42a7-a23b-565de107bb9c,3,2,10,4,10,8,11,13,10,4.2,0.24,3,2.3,0.9,0.78,2,2.9,2.3,-0.39,4,2.1,2.2,0.86,1,,,,1,1,71
1/8/18,bc83f44d-fdf4-42a7-a23b-565de107bb9c,3,0,10,0,10,9,7,12,10.1,4.3,-0.72,3,2.3,0.9,0.78,1,2.8,2.4,-0.75,1,2.2,2.3,-0.52,1,,,,1,1,71
1/9/18,bc83f44d-fdf4-42a7-a23b-565de107bb9c,3,0,10,0,10,9,7,12,10.2,4.1,-0.78,3,2.5,0.8,0.62,1,2.8,2.4,-0.75,1,2.2,2.3,-0.52,1,,,,1,1,71
1/13/18,bc83f44d-fdf4-42a7-a23b-565de107bb9c,3,5,10,0,10,8,11,8,10.8,4,0.05,3,2.6,0.8,0.5,5,3.1,2.5,0.76,1,2.3,2.4,-0.54,1,,,,1,1,43
1/15/18,bc83f44d-fdf4-42a7-a23b-565de107bb9c,3,8,7,3,10,6,22,13,11.7,5,2.06,3,2.6,0.8,0.5,8,3.5,2.8,1.61,3,2.4,2.3,0.26,1,,,,7,1,43
1/16/18,bc83f44d-fdf4-42a7-a23b-565de107bb9c,3,2,10,0,10,9,8,14,11.4,4.9,-0.69,3,2.6,0.7,0.57,2,3.4,2.7,-0.52,1,2.3,2.2,-0.59,1,,,,1,1,43
1/18/18,bc83f44d-fdf4-42a7-a23b-565de107bb9c,3,0,10,0,2,8,8,12,11,4.9,-0.61,3,2.6,0.7,0.57,1,3.4,2.7,-0.89,1,1.9,2,-0.45,2,,,,1,1,57
1/19/18,bc83f44d-fdf4-42a7-a23b-565de107bb9c,2,0,3,0,2,9,9,12,11.1,4.8,-0.44,2,2.6,0.7,-0.86,1,3.2,2.8,-0.79,1,1.9,2,-0.45,2,,,,3,1,71
1/20/18,bc83f44d-fdf4-42a7-a23b-565de107bb9c,10,0,10,0,10,9,5,10,10.7,4.9,-1.16,1,2.5,0.8,-1.88,1,3.1,2.7,-0.78,1,1.9,1.9,-0.47,1,,,,1,1,71
1/22/18,bc83f44d-fdf4-42a7-a23b-565de107bb9c,3,0,10,0,10,10,7,7,10.4,4.8,-0.71,3,2.6,0.8,0.5,1,2.9,2.7,-0.7,1,1.8,1.9,-0.42,1,,,,1,1,71
1/23/18,bc83f44d-fdf4-42a7-a23b-565de107bb9c,2,0,10,0,5,8,10,8,10.8,4.6,-0.17,2,2.6,0.7,-0.86,1,2.9,2.7,-0.7,1,1.8,1.9,-0.42,5,,,,1,1,71
1/26/18,bc83f44d-fdf4-42a7-a23b-565de107bb9c,3,0,10,3,10,9,9,8,10.4,4.6,-0.3,3,2.6,0.7,0.57,1,2.8,2.7,-0.67,3,1.9,1.9,0.58,1,,,,1,1,57
1/27/18,bc83f44d-fdf4-42a7-a23b-565de107bb9c,3,3,10,0,10,8,9,9,10.4,4.4,-0.32,3,2.6,0.7,0.57,3,2.8,2.7,0.07,1,1.9,1.8,-0.5,1,,,,1,1,57
1/28/18,bc83f44d-fdf4-42a7-a23b-565de107bb9c,3,0,2,0,2,9,9,9,10.4,4.4,-0.32,3,2.6,0.7,0.57,1,2.8,2.7,-0.67,1,1.8,1.8,-0.44,2,,,,2,1,71
1/29/18,bc83f44d-fdf4-42a7-a23b-565de107bb9c,2,0,10,0,10,9,6,9,10.1,4.4,-0.93,2,2.6,0.7,-0.86,1,2.7,2.6,-0.65,1,1.8,1.8,-0.44,1,,,,1,1,71
1/31/18,bc83f44d-fdf4-42a7-a23b-565de107bb9c,2,3,10,0,2,9,9,8,9.5,3.9,-0.13,2,2.6,0.6,-1,3,2.5,2.5,0.2,1,1.4,0.9,-0.44,2,,,,1,1,71
2/3/18,bc83f44d-fdf4-42a7-a23b-565de107bb9c,3,6,5,0,10,7,16,10,9.5,4.1,1.59,3,2.6,0.6,0.67,6,2.3,2.2,1.68,1,1.2,0.7,-0.29,1,,,,5,1,57
2/4/18,bc83f44d-fdf4-42a7-a23b-565de107bb9c,10,0,4,0,2,8,9,10,9.5,4,-0.12,1,2.5,0.7,-2.14,1,2.2,2.1,-0.57,1,1.2,0.7,-0.29,2,,,,4,1,57
2/5/18,bc83f44d-fdf4-42a7-a23b-565de107bb9c,10,2,10,0,10,9,6,10,9.4,4.1,-0.83,1,2.4,0.8,-1.75,2,2.3,2.1,-0.14,1,1.2,0.7,-0.29,1,,,,1,1,57
2/6/18,bc83f44d-fdf4-42a7-a23b-565de107bb9c,10,3,10,0,10,10,7,9,9.4,4.1,-0.59,1,2.3,0.8,-1.62,3,2.4,2.1,0.29,1,1.2,0.7,-0.29,1,,,,1,1,71
2/8/18,bc83f44d-fdf4-42a7-a23b-565de107bb9c,10,3,10,0,3,9,9,9,9.4,3.9,-0.1,1,2.2,0.9,-1.33,3,2.4,2,0.3,1,1.2,0.6,-0.33,3,,,,1,1,71
2/10/18,bc83f44d-fdf4-42a7-a23b-565de107bb9c,3,3,10,0,10,9,9,8,9.3,3.9,-0.08,3,2.2,0.9,0.89,3,2.3,1.9,0.37,1,1.2,0.6,-0.33,1,,,,1,1,71
2/12/18,bc83f44d-fdf4-42a7-a23b-565de107bb9c,3,0,3,0,10,9,9,8,8.6,2.3,0.17,3,2.2,0.9,0.89,1,1.9,1.3,-0.69,1,1.1,0.5,-0.2,1,,,,3,1,57
2/13/18,bc83f44d-fdf4-42a7-a23b-565de107bb9c,10,6,3,0,10,9,12,10,8.8,2.4,1.33,1,2.1,0.9,-1.22,6,2.2,1.7,2.24,1,1.1,0.5,-0.2,1,,,,3,1,57
2/15/18,bc83f44d-fdf4-42a7-a23b-565de107bb9c,10,0,10,0,10,9,5,9,8.6,2.6,-1.38,1,2,0.9,-1.11,1,2.2,1.7,-0.71,1,1.1,0.5,-0.2,1,,,,1,1,57
2/16/18,bc83f44d-fdf4-42a7-a23b-565de107bb9c,10,0,10,0,10,10,5,8,8.4,2.7,-1.26,1,1.9,0.9,-1,1,2.2,1.7,-0.71,1,1.1,0.5,-0.2,1,,,,1,1,71
2/17/18,bc83f44d-fdf4-42a7-a23b-565de107bb9c,2,0,10,0,10,9,6,7,8.4,2.7,-0.89,2,2,0.9,0,1,2.2,1.7,-0.71,1,1.1,0.5,-0.2,1,,,,1,1,71
2/19/18,bc83f44d-fdf4-42a7-a23b-565de107bb9c,10,0,10,3,10,9,7,7,8.4,2.7,-0.52,1,1.9,0.9,-1,1,2.2,1.7,-0.71,3,1.2,0.6,3,1,,,,1,1,71
2/21/18,bc83f44d-fdf4-42a7-a23b-565de107bb9c,10,9,10,4,10,9,16,8,8.8,3.2,2.25,1,1.8,0.9,-0.89,9,2.6,2.3,2.78,4,1.4,0.9,2.89,1,,,,1,1,71
5/7/18,bc83f44d-fdf4-42a7-a23b-565de107bb9c,2,0,10,0,10,7,6,6,6,0,,2,2,0,,1,1,0,,1,1,0,,1,1,0,,1,1,14
5/8/18,bc83f44d-fdf4-42a7-a23b-565de107bb9c,10,0,10,0,10,7,5,6,5.5,0.7,-0.71,1,1.5,0.7,-0.71,1,1,0,,1,1,0,,1,1,0,,1,1,29
5/10/18,bc83f44d-fdf4-42a7-a23b-565de107bb9c,10,0,10,0,10,7,5,5,5.3,0.6,-0.5,1,1.3,0.6,-0.5,1,1,0,,1,1,0,,1,1,0,,1,1,43
5/14/18,bc83f44d-fdf4-42a7-a23b-565de107bb9c,10,0,10,0,10,8,5,5,5.2,0.5,-0.4,1,1.2,0.5,-0.4,1,1,0,,1,1,0,,1,1,0,,1,1,43
5/15/18,bc83f44d-fdf4-42a7-a23b-565de107bb9c,10,0,10,0,10,7,5,5,5.2,0.4,-0.5,1,1.2,0.4,-0.5,1,1,0,,1,1,0,,1,1,0,,1,1,43
5/17/18,bc83f44d-fdf4-42a7-a23b-565de107bb9c,10,0,10,0,10,8,5,5,5.2,0.4,-0.5,1,1.2,0.4,-0.5,1,1,0,,1,1,0,,1,1,0,,1,1,43
5/18/18,bc83f44d-fdf4-42a7-a23b-565de107bb9c,10,0,10,0,10,8,5,5,5.1,0.4,-0.25,1,1.1,0.4,-0.25,1,1,0,,1,1,0,,1,1,0,,1,1,57
5/23/18,bc83f44d-fdf4-42a7-a23b-565de107bb9c,10,0,10,0,10,6,5,5,5.1,0.4,-0.25,1,1.1,0.4,-0.25,1,1,0,,1,1,0,,1,1,0,,1,1,43
5/29/18,bc83f44d-fdf4-42a7-a23b-565de107bb9c,10,0,10,0,10,7,5,5,5.1,0.3,-0.33,1,1.1,0.3,-0.33,1,1,0,,1,1,0,,1,1,0,,1,1,29
5/31/18,bc83f44d-fdf4-42a7-a23b-565de107bb9c,10,0,10,0,10,7,5,5,5.1,0.3,-0.33,1,1.1,0.3,-0.33,1,1,0,,1,1,0,,1,1,0,,1,1,29
6/1/18,bc83f44d-fdf4-42a7-a23b-565de107bb9c,10,0,10,0,10,9,5,5,5.1,0.3,-0.33,1,1.1,0.3,-0.33,1,1,0,,1,1,0,,1,1,0,,1,1,43